18 Challenge,1,CJV 18 National Navy,g18cjvvb2cr
18 Challenge,2,C2 18-1 National Travis,g18cavbc1so
18 Challenge,3,501 Volley 18.1,g18fmvbc1de
18 Challenge,4,CUVC 18 Open,g18carun1cr
18 Challenge,8,CSVC 18 Black,g18cslct1cr
18 Challenge,7,HOV 18 National,g18hovjr1od
18 Challenge,6,RIOVC 18-1E Rafa,g18riovc1so
18 Challenge,5,Sharks 18 Navy,g18nivbc1gc
18 Challenge,14,540 VB 18 Elite,g18540va1od
18 Challenge,15,CPVC 18 Black,g18prfrm1cr
18 Challenge,13,M2VBALL 18 Elite 1,g18mtwov1so
18 Challenge,9,MVSA 18 Chaos,g18mvsav1ch
18 Challenge,16,PVA 18 National,g18pride1pm
18 Challenge,10,RVC 18 National,g18rvcjr1od
18 Challenge,12,Tsunami S181E Marko,g18tsuna1so
18 Challenge,11,UNION 18 Black,g18union1pr
18 Challenge,19,501 Volley 18.2,g18fmvbc2de
18 Challenge,24,ECVA 18 Teal,g18ecvba1cr
18 Challenge,22,Husky 18 National,g18hkjvb1ne
18 Challenge,17,IVBA 18 REN,g18invba1de
18 Challenge,18,LPV-18U,g18piedr1pu
18 Challenge,23,RUV 18 Red,g18ruvjr1od
18 Challenge,20,Tsunami C181E Alex,g18tsuna3so
18 Challenge,21,TUVA G18 Elite,g18trdun1cr
18 Challenge,25,Clarksville VBC 18 Smack,g18cvctn1so
18 Challenge,27,LMVC 18 Elite Sean,g18lakem1pm
18 Challenge,26,MOVA UA 18 GOLD 1,g18movba1gw
18 Challenge,28,Apex 18 1,g18apexj1pm
18 Challenge,30,ECJVC 18 National,g18ecjvc1cr
18 Challenge,29,LAV 18 National Black,g18lavbc1gc
18 Challenge,34,CAVC 18 Elite,g18cavcx1od
18 Challenge,35,Columbia 18 Black,g18colum1ch
18 Challenge,33,Excell 18's National 2025,g18excel1pm
18 Challenge,32,Low Country 18 National,g18lowco1pm
18 Challenge,36,NGV 18 Select Kristina,g18ngvjr1so
18 Challenge,31,Sandhills 18 Bri,g18sandh1cr
18 Challenge,37,Delaware United 18 Navy,g18deuvb1ch
18 Challenge,39,Royal Legends 18 1,g18royal1ke
18 Challenge,38,Tsunami S182E Gabriella,g18tsuna2so
18 Challenge,40,Barracuda 18s,g18bcuda1cr
18 Challenge,41,Rising Tide 17/18 Surge,g18rtide1pm
18 Challenge,42,Southern Legacy 18U,g18slegy1pm
18 Challenge,45,863 Elite 18-1 Black,g18estva1fl
18 Challenge,46,Atlanta Extreme 18 Raymond,g18atlxt1so
18 Challenge,44,Carolina CHAOS 18 Royal,g18crchv1cr
18 Challenge,47,Carolina ICE 18 1,g18crice1pm
18 Challenge,43,NM Cactus VBC 18 1,g18nmccv1su
18 Challenge,48,Tsunami C181N Rich,g18tsuna5so
18 Challenge,49,CJV 18 National White,g18cjvvb3cr
18 Challenge,50,CUVC 18 Premier,g18carun2cr
18 Challenge,51,SC Midlands 18 National R,g18scmid1pm
18 Challenge,54,NC Coastal 18 Deshay,g18nccst1cr
18 Challenge,52,RCVA GIRLS 18 NATIONAL,g18rcvba1od
18 Challenge,53,Top Caliber 18 REN,g18tclbr1cr
18 Challenge,56,Champion 18 N Purple,g18chmpv1cr
18 Challenge,60,HRVC 18 national green,g18hrock1cr
18 Challenge,59,Prolink 18 Gabbie,g18plavb1so
18 Challenge,57,PSVA Houston 18 1,g18psvah1so
18 Challenge,58,TUVA G18 Select,g18trdun2cr
18 Challenge,55,Valley Jrs 18 Black,g18vjvbc1od
18 Challenge,61,AVC 18 1,g18nltvb1so
18 Challenge,63,RipsVC 18 1,g18ripsv1so
18 Challenge,62,SP2VC 18 Hodges,g18srypp1cr
18 Challenge,64,CSRA Heat 18 Gold,g18csrah1pm
18 Challenge,65,Husky 18 Northeast,g18hkjvb2ne
18 Challenge,66,Raleigh 18 Silver,g18ralvb1cr
18 Challenge,69,CLVC 18-Black,g18lgacy1cr
18 Challenge,68,CSF 18 Legacy,g18cspkf1cr
18 Challenge,71,NC Elite 18 Black,g18neltb1cr
18 Challenge,72,Rhythm 18 2,g18rhvbc2so
18 Challenge,70,Southern Storm 18 Ice,g18sttra1de
18 Challenge,67,Tenacity Blueprint,g18tvctn1de
18 Challenge,73,ECVC 18 National - Kyle,g18ecvbc1gc
18 Challenge,75,NC GOLD VOLLEYBALL 18 3,g18ncgld3cr
18 Challenge,74,Tsunami N181N James,g18tsuna6so
18 Challenge,77,1915 Excel 18 White,g18excel1fl
18 Challenge,78,BRAVO 18 Black,g18bravo1pr
18 Challenge,76,Tsunami CG181E John,g18tsuna4so
18 Challenge,79,AVA 18 Royal,g18allin2fl
18 Challenge,80,Dream Chasers 18 Purple,g18cathy1so
18 Challenge,84,ECJVC 18 Premier,g18ecjvc2cr
18 Challenge,81,EVA 18 Utopia,g18emvbc1ch
18 Challenge,82,Revolution 18 Bill,g18fuqrv1cr
18 Challenge,83,Vibe 18 Rami,g18vibev1so
18 Challenge,85,A5 Gwinnett 18 Jordan,g18afive8so
18 Challenge,87,C2 18-2 Regional Blue Sami,g18cavbc2so
18 Challenge,86,Stars 18 Bennett,g18stars4pm
18 Challenge,88,Alliance 18 Purple,g18allnc1cr
18 Challenge,90,BoCo VAC 18 1,g18bocov1rm
18 Challenge,89,Coastline 18 1,g18cstln1cr
18 Challenge,95,Atlanta Extreme 18 Amber,g18atlxt2so
18 Challenge,92,BftSel 18 1,g17beasl1pm
18 Challenge,91,CPVC 18 Slate,g18prfrm2cr
18 Challenge,93,Lanier 18 National Bill,g18lanvc1so
18 Challenge,96,MVSA 18 Mavericks,g18mvsav2ch
18 Challenge,94,Top Caliber 18 National,g18tclbr2cr
17 Open,1,Mintonette Sports m.71,g17msprt1ov
17 Open,2,Metro 17 Travel,g17metro1ch
17 Open,3,NKYVC 17 1 Tsunami,g17nkyvc1pr
17 Open,4,LAV 17 National Black,g17lavbc1gc
17 Open,6,A5 17 Calvin,g17afive1so
17 Open,7,Academy 17 Diamond,g17ncvba1cr
17 Open,5,AZ SKY 17 GOLD,g17azsky1az
17 Open,8,WPVC 17 Armour Black,g17wpvcb1fl
17 Open,9,EC Power KOP 17-Steel,g17ecpwr1ke
17 Open,11,MiElite 17 Mizuno,g17mieva1lk
17 Open,12,Rev 17 1,g17revbc1ho
17 Open,10,UNION 17 Black,g17union1pr
17 Open,13,Triangle 17 Black,g17trngl1cr
17 Open,14,HPSTL 17 Royal,g17hpstl1gw
17 Open,15,IMGA Ascender Elite 17-1,g17imgvb1fl
17 Open,16,Wildfire 17N Open T,g17wfire1fl
17 Open,18,AJV 17 adidas,g17ajvba1ls
17 Open,17,OT 17 J Will,g17otbva2fl
17 Open,19,OT 17 T Aaron,g17otbva3fl
17 Open,20,Alamo 17 Premier,g17alamo1ls
17 Open,22,MJVA 17 1,g17mjvba1de
17 Open,21,TAV Houston 17-Adidas,g17tavho1ls
17 Open,23,CJV 17 Mizuno,g17cjvvb1cr
17 Open,24,Piedmont VBC 17 Hype,g17piedm1cr
17 Open,25,GP 17 Rox,g17gpont1fl
17 Open,26,Paramount VBC 17 Nick,g17parvb1ch
17 Open,27,BCS Skyline H 17 Royal,g17bcssk1ls
17 Open,28,Elevation 17 Peak,g17elevb1rm
17 Open,29,EliteVBTC 17 Black,g17evbtc1ov
17 Open,30,Northeast 17.1,g17nevbc1ne
17 Open,31,Aspire 17 Alpha,g17aspir1az
17 Open,32,575 17-1 Danny LP,g17fsfvb1so
17 Open,33,ACAD 17 Red,g17tivba1ge
17 Open,34,ECJVC 17 National,g17ecjvc1cr
17 Open,35,Carolina Rogue 17 Black,g17rogue1pm
17 Open,36,TUVA G17 Elite,g17trdun1cr
17 Open,37,CUVC 17 Open,g17carun1cr
17 Open,38,Princeton 17 1,g17princ1ge
17 Open,39,NASA South 17 MG,g17nasav2so
17 Open,40,VA Elite 17s,g17vejvb1ch
17 Open,41,ARMOR 17 Zulu,g17armor1pm
17 Open,42,Jersey Jrs 17 1,g17njjrs1ge
17 Open,43,SC Elite U17 Elite,g17scelt1pm
17 Open,44,SC Midlands 17 National R,g17scmid1pm
17 Open,45,M2VBALL 17 Elite 1,g17mtwov1so
17 Open,46,NC Coastal 17 Joe,g17nccst1cr
17 Open,47,PEVC 17N Sloane,g17pevbc1gc
17 Open,48,Royal Legends 17 1,g17royal1ke
17 USA,1,A5 17 Pat,g17afive2so
17 USA,2,Stars 17 Alex,g17stars1pm
17 USA,3,Tsunami S171E Michael,g17tsuna1so
17 USA,4,Triangle 17 Blue,g17trngl2cr
17 USA,8,JJVA 17 Teal,g17jaxjr1fl
17 USA,6,Mintonette Sports m.72,g17msprt2ov
17 USA,5,Rhythm 17 1,g17rhvbc1so
17 USA,7,Rockwood Thunder 17 Navy,g17rwdth2gw
17 USA,10,501 Volley 17.1,g17fmvbc1de
17 USA,9,AZ EVJ 17 Elite,g17azevj1az
17 USA,11,AZ SKY 17 BLUE,g17azsky2az
17 USA,14,Gainesville Juniors 17 Eric,g17gjvbc1fl
17 USA,15,Legacy 17-2 Adidas,g17legvc2lk
17 USA,12,NKYVC 17-2 Tide,g17nkyvc2pr
17 USA,16,RVC 17 National,g17rvcjr1od
17 USA,13,Shockwave VB Academy 17 Black,g17shock1ha
17 USA,21,Academy 17 Crystal,g17ncvba2cr
17 USA,23,Amarillo Xtreme 17 Icons,g17amxtr1su
17 USA,17,BRAVO 17 Black,g17bravo1pr
17 USA,22,CHAVC 17 Black,g17chavb1cr
17 USA,24,EXCEL 17N White,g17excel2nt
17 USA,20,LAV 17 National White,g17lavbc2gc
17 USA,19,Miami Hype 17U Prime1,g17mhype1fl
17 USA,18,Red Storm 17 National XI,g17storm1by
17 USA,25,OT 17 J Tyler,g17otbva7fl
17 USA,26,CUVC 17 Premier,g17carun2cr
17 USA,28,1United 17N White,g171unvb2nt
17 USA,27,Jax Skyline 17 Royal,g17skyln1fl
17 USA,30,OT 17 O Richard,g17otbva5fl
17 USA,29,OT 17 T Jose,g17otbva4fl
17 USA,32,540 VB 17 Elite,g17540va1od
17 USA,33,ASEVC 17 Premier,g17asevc1ge
17 USA,31,Memphis Metro 17 Elite Black,g17mmjvb1de
17 USA,34,Tampa North U17 Black,g17tnvbc1fl
17 USA,37,A5 17 Angel,g17afive3so
17 USA,36,CJV 17 National White,g17cjvvb3cr
17 USA,35,GCVA 171 Coast,g17gcvba1ls
17 USA,38,Synergy 17 Phoenix,g17synrg4ke
17 USA,43,Advantage 17 Teal,g17advtg1cr
17 USA,40,BVA 17 Elite Alain,g17bomer1fl
17 USA,39,JoCo 17 1,g17jocov1cr
17 USA,44,TAV Houston 17-Molten,g17tavho2ls
17 USA,45,Tsunami C171E Spider,g17tsuna3so
17 USA,42,VA Juniors 17 1,g17vajrs1ch
17 USA,41,Venetian Bay 17 - Jay,g17vbayv1fl
17 USA,48,ECVC 17 National - Steph,g17ecvbc1gc
17 USA,46,Peak Elite 17U,g17peake1ke
17 USA,47,Stars 17 Sanders,g17stars2pm
17 USA,49,Tsunami N171E Lane,g17tsuna5so
17 USA,53,M1 17 Blue,g17mlvbc1so
17 USA,51,MVA 17 Andres,g17miava2fl
17 USA,50,OPU 17-1,g17opuvb1fl
17 USA,52,Sandhills 17 Dal,g17sandh1cr
17 USA,58,Carolina CHAOS 17 Royal,g17crchv1cr
17 USA,57,CJV 17 National Navy,g17cjvvb2cr
17 USA,59,Delaware United 17 Navy,g17deuvb1ch
17 USA,54,FEVA 17 Black,g17flelt1fl
17 USA,56,LAVBC BLAZE-BLACK,g17lavbc1sc
17 USA,55,M2VBALL 17 Elite 2,g17mtwov2so
17 USA,60,Next Rev VB 17 Black,g17nrvjr1od
17 USA,61,A5 Gwinnett 17 Tim,g17afive9so
17 USA,63,Atlanta Extreme 17 Jackie,g17atlxt1so
17 USA,62,QCA Royals 17 National,g17queen1de
17 USA,64,WD Nation 17 White,g17wdvbc2by
17 USA,67,Husky 17 National,g17hkjvb1ne
17 USA,65,MVSA 17 Blaze,g17mvsav1ch
17 USA,68,Prodigy 17 Premier-Pitt,g17prova1ge
17 USA,66,Sharks 17 Navy,g17nivbc1gc
17 USA,74,clubSAV 17 Mizuno,g17csavh1so
17 USA,71,Columbia 17 Red,g17colum1ch
17 USA,73,DME Elite 17-1,g17fevbc1fl
17 USA,75,Florida's Sports Coast Elite 17 Blue,g17coast1fl
17 USA,69,Flyers 17 USA-Chip,g17frfly1nt
17 USA,72,Red Storm 17 National Storm,g17storm2by
17 USA,70,Riptide U17 Tsunami,g17rptde1ev
17 USA,77,Cincy Classics 17 Red,g17ccvbc1ov
17 USA,76,EliteVBTC 17 Blue,g17evbtc2ov
17 USA,78,Top Tier VC 17u,g17ttvc11ge
17 USA,79,Wildfire 17N Open R,g17wfire2fl
17 USA,83,A5 Chattanooga 17-Peyton,g17afive5so
17 USA,81,JET 17 Carr,g17jetvb1su
17 USA,82,PSVC 17 Amir,g17pstri1pm
17 USA,80,USA South 17 Premier Purple,g17usaso1fl
17 USA,89,AppVC 17 Elite,g17appvb1cr
17 USA,87,Headlines VBC 17 1,g17hedln1ov
17 USA,86,LES 17 Rob,g17level1so
17 USA,84,MMVC17GOLD,g17mmvbc1ov
17 USA,90,Sportime 17 Gold,g17sptmc1ge
17 USA,88,Synergy 17 Uranium,g17synrg1ke
17 USA,85,TNT VB 17 Rush,g17tntvb1ke
17 USA,92,ETE 17-1 Black,g17etekn1so
17 USA,93,MiElite 17 Elite,g17mieva2lk
17 USA,94,NYC Juniors 17 National,g17nycjr1ge
17 USA,91,Piedmont VBC 17 NIKE,g17piedm2cr
17 USA,98,AVA 17 Coral,g17allin1fl
17 USA,96,GSI 17 GREEN,g17globl1fl
17 USA,97,PVA 17 National,g17pride1pm
17 USA,95,Top Caliber 17 REN,g17tclbr1cr
17 USA,101,Beach South 17 Black,g17bchst1cr
17 USA,102,Club Integrity 17 1,g17intgr1ke
17 USA,104,Fission 17 ELITE 1,g17fison1so
17 USA,100,PVA 17 1,g17pinva1ge
17 USA,103,Team Momentum 17 Navy,g17tmmom1gw
17 USA,99,WGVA 17 Black,g17wgvac1so
17 USA,105,Xtreme 17 USA National,g17xtrem1ge
17 USA,106,DMV Elite 17,g17dmvev1ch
17 USA,108,FCA Elevate 17u,g17fcael1fl
17 USA,107,Octane 17 1,g17octan1we
17 USA,109,HPSTL 17 Orange,g17hpstl2gw
17 USA,111,SSAVC 17 1,g17skyvb1gw
17 USA,110,WVA 17,g17wizrd1fl
17 USA,115,APV 17 Red,g17atomv1fl
17 USA,116,AVC 17 1,g17nltvb1so
17 USA,113,Champion 17 N Purple,g17chmpv1cr
17 USA,114,MDJRS 17 Elite Black,g17mdjrs1ch
17 USA,117,Prodigy 17 Premier-Herman,g17prova2ge
17 USA,112,RVC 17 RELENTLESS,g17relen1rm
17 USA,118,Ignite 17 National,g17ignit1az
17 American,1,864 Elite 17U Sophie,g17fourc1pm
17 American,2,EVPA 17 1 Red SRQ,g17esivb1fl
17 American,3,FVA 17 1,g17fness1gw
17 American,4,NASA 171 T,g17nasav1so
17 American,8,AJV 17 Helix,g17ajvba3ls
17 American,6,Mintonette Sports m.73,g17msprt3ov
17 American,5,MVA 17 1,g17mvbac1de
17 American,7,WPVC 17 Armour Orange,g17wpvcb2fl
17 American,9,A5 17 Molina,g17afive4so
17 American,10,ARVC 17U Orange,g17albmr1cr
17 American,13,ETA1 17 Black,g17eta1v1nt
17 American,14,SOSVBC 17N Artem,g17sosvb1ge
17 American,11,Synergy 17 Neon,g17synrg2ke
17 American,12,Tsunami S172E Gerre,g17tsuna2so
17 American,16,United 17U National,g17unitd1so
17 American,15,UPONTOP 17s Elite,g17uotvb1fl
17 American,21,501 Volley 17.2,g17fmvbc2de
17 American,22,Aspire 17 Premier,g17aspir2az
17 American,17,EC Power KOP 17-Cobalt,g17ecpwr2ke
17 American,20,HPRIME17Gold,g17houpa1ls
17 American,23,NC Coastal 17 Brett,g17nccst2cr
17 American,19,SSP Storm 17 Select,g17storm1fl
17 American,24,Triangle 17 White,g17trngl3cr
17 American,18,UNION 17 Green,g17union2pr
17 American,26,CALI 17 Black,g17cacli1ge
17 American,27,HRVC 17 national green,g17hrock1cr
17 American,25,Rhythm 172,g17rhvbc2so
17 American,28,ECJVC 17 Premier,g17ecjvc2cr
17 American,29,PVC-GA 17 1,g17power1so
17 American,30,SOSVBC 17N Carly,g17sosvb2ge
17 American,33,575 17-1 Bia WS,g17fsfvb2so
17 American,36,Arsenal 17 Blue,g17davbc2nt
17 American,35,IVBA 17 REN,g17invba1de
17 American,31,Legacy 17-3 Adidas,g17legvc3lk
17 American,32,Loudoun Elite 17 Marissa,g17louel1ch
17 American,34,Manhattan Mamba 17 1,g17mamba1ha
17 American,37,Cape Coast 17 Falcon,g17capco1fl
17 American,38,Tsunami C171N Andressa,g17tsuna9so
17 American,42,575 17-1 Luciano PCVC,g17fsfvb3so
17 American,39,Husky 17 Northeast Red,g17hkjvb2ne
17 American,40,RCVA GIRLS 17 NATIONAL,g17rcvba1od
17 American,41,TK 17 Storm,g17tkvbc1so
17 American,44,EXCEL 17N Blue,g17excel3nt
17 American,45,CPVC 17 Black,g17prfrm1cr
17 American,43,EC Power CH 17 Granite DE,g17ecpch1ch
17 American,46,GP 17 Elite,g17gpont3fl
17 American,48,JJVA 17 Black,g17jaxjr2fl
17 American,47,Spa City 17's,g17spavb1xl
17 American,57,A5 Gwinnett 17-JD,g17afive10so
17 American,51,Academy 17 Jade,g17ncvba3cr
17 American,50,Borinquen Coqui CPT 2026,g17coqui3pu
17 American,52,CSVC 17 Black,g17cslct1cr
17 American,54,CUVC 17 National,g17carun3cr
17 American,53,Prolink 17 Madi,g17plavb1so
17 American,56,SRVC Seagulls 17,g17srvca1ch
17 American,55,Stars 17 McDunc,g17stars3pm
17 American,49,Tsunami C172E Dani,g17tsuna4so
17 American,61,540 VB 17 National,g17540va2od
17 American,60,BVC 17 1,g17brndy1ch
17 American,59,Country Fire 17-1,g17cfire1ls
17 American,58,NKYVC 17-3 Typhoon,g17nkyvc3pr
17 American,63,RIOVC 17-1E Claudio,g17riovc1so
17 American,67,Anthem United 17-Navy,g17auvbc1so
17 American,64,CHAMP 17 1 Power,g17champ1so
17 American,62,MVA 17 Select,g17mvavc1ch
17 American,66,NC GOLD VOLLEYBALL 17 1,g17ncgld1cr
17 American,65,TX Legends 17 Black,g17txleg1ls
17 American,72,575 17-2 Leah LP,g17fsfvb6so
17 American,76,Advantage 17 White,g17advtg2cr
17 American,68,Barracuda 17s,g17bcuda1cr
17 American,69,Carolina ICE 17 1,g17crice1pm
17 American,73,Dream Chasers 17 Purple,g17cathy1so
17 American,70,EC Power KOP 17-Iron,g17ecpwr3ke
17 American,71,Gainesville Juniors 17 Dani,g17gjvbc2fl
17 American,74,Lockdown VBC 17 Eagles,g17ldner1ne
17 American,75,Low Country 17 National,g17lowco1pm
17 American,77,American 17 Red,g17amevc1ch
17 American,80,Club Unite 17 National,g17unite1so
17 American,78,CPVB 17 National Black,g17cpier1ge
17 American,79,HIGH VOLTAGE 17 COLLEGE PREP,g17hvolt1fl
17 American,81,Wentzville Heat Navy,g17wtzht1gw
17 American,83,FB Xpress 17 National,g17fbxpr1ls
17 American,82,NC Intensity 17U Ashley,g17ncint1cr
17 American,85,Tampa North Black 17 National,g17tnvbc2fl
17 American,86,TAMPA UNITED VBA 17 RED,g17unite2fl
17 American,84,Xtreme Mean 17s,g17crazy1lk
17 American,88,Apex 17 1,g17apexj1pm
17 American,95,FEVA 17 Courtney,g17flelt2fl
17 American,87,IVBA Soar 17 REN,g17ivbas1de
17 American,89,LRJ 17 1,g17lrjvb1de
17 American,92,PAC 17-Royal,g17pacvb1so
17 American,90,PSVC 17 Dani,g17pstri2pm
17 American,93,Roughriders 17 1,g17rough1rm
17 American,94,Texas Tornados 17 National,g17txtor2ls
17 American,91,WPVC 17 Armour Silver,g17wpvcb3fl
17 American,96,Lanier 17 National Katie,g17lanvc1so
17 American,98,LIVBC Girls 17 Blue,g17livbc1ge
17 American,99,PSVA Houston 17 1,g17psvah1so
17 American,100,Tsunami R171N Taylor,g17tsuna11so
17 American,97,Vision 17 EXV Black,g17vivbc1nt
17 American,101,AAC 17 National,g17amath1fl
17 American,104,ACS U17 Elite,g17acsnd1cr
17 American,102,EliteVBTC 17 National,g17evbtc3ov
17 American,105,Tempo 17 Black,g17tspvb1pm
17 American,103,Top Select 17 Top White,g17tsvba3fl
17 American,114,Academy 17 Pearl,g17ncvba4cr
17 American,107,ECVA 17 Teal,g17ecvba1cr
17 American,106,Endless Momentum 17 1,g17envbc1ke
17 American,109,Five Star 17 Black,g175star1rm
17 American,108,JJVA 17 Gold,g17jaxjr3fl
17 American,112,M2VBALL 17 National 1,g17mtwov4so
17 American,111,NC Coastal 17 Jordan,g17nccst3cr
17 American,110,SRS 17 Blue,g17srsvc1pm
17 American,113,Stars 17 Bridgette,g17stars4pm
17 American,118,Believe VBC 17-1 Rise,g17belie1rm
17 American,117,CSRA Heat 17 National,g17csrah1pm
17 American,115,HRVC 17 national black,g17hrock2cr
17 American,116,Loudoun Elite 17 Gracie,g17louel2ch
17 American,119,Synergy 17 Hydra,g17synrg5ke
17 American,123,HEAT 17 Elite,g17pheat1fl
17 American,121,MOVA UA 17 GOLD 1,g17movba1gw
17 American,122,Royal Legends 17 2,g17royal2ke
17 American,124,Sandhills 17 Charli,g17sandh2cr
17 American,120,WPVC 17 Armour White,g17wpvcb4fl
17 American,131,863 Elite 17-1 Black,g17estva1fl
17 American,130,AJV 17 Navy,g17ajvba5ls
17 American,127,Capitals 17-1 National,g17capvc1ge
17 American,129,Excel VC 17 BLACK,g17excel1fl
17 American,132,Prime 17 Da'Shaun,g17prime1rm
17 American,128,PVA 17 2,g17pinva2ge
17 American,134,Stars Columbia 17 Sydney,g17stars5pm
17 American,126,Tsunami S171N Jordan,g17tsuna7so
17 American,125,Tx 512 VBC 17 Orange,g17tx5121ls
17 American,133,A5 South 17-Sam,g17afive6so
17 American,135,Nitro 17 Blue,g17nitro1su
17 American,136,TFSC 17 Phoenix,g17topfl1pm
17 American,137,TK 17 Ice,g17tkvbc2so
17 American,139,575 17-2 Danielle WS,g17fsfvb5so
17 American,141,AJV 17 Royal,g17augjr1pm
17 American,138,CJHEAT 17 National,g17jheat1ge
17 American,140,TVA Smack 17 RJ,g17talla1fl
17 American,143,Atlanta Extreme 17 Steff,g17atlxt2so
17 American,144,clubSAV 16/17 National,g17csavh2so
17 American,147,EVA 17 Kingdom,g17emvbc1ch
17 American,142,Flyers 17 USA-AlanJ,g17frfly3nt
17 American,145,FTLUTD 17U Fusion H,g17flutd1fl
17 American,148,NC Coastal 17 Catarina,g17nccst4cr
17 American,146,Prime 17 CJ,g17prime2rm
17 American,150,RIOVC 17 1National,g17riovc2so
17 American,151,OVA 17 Blue,g17light2fl
17 American,149,RVC 17 GRIND,g17relen2rm
17 Challenge,1,Coast United 17,g17grand1pm
17 Challenge,2,Mobile Storm 17 National Mel,g17moscb1gc
17 Challenge,3,XCEL 17 ELITE,g17xcelp1cr
17 Challenge,4,SKEVA 17 Blue,g17skeva1pr
17 Challenge,5,GG 17 1,g17galxy1cr
17 Challenge,7,NASA 172 Jason,g17nasav4so
17 Challenge,6,Putnam VBC Heat 17A,g17putvc1ov
17 Challenge,8,Tropics Girls 17s Elite,g17tropi1fl
17 Challenge,12,C1VB 17 Elite Grvl,g17crone2pm
17 Challenge,16,CJV 17 Select White,g17cjvvb5cr
17 Challenge,10,Excell 17's Silas N 2025,g17excel1pm
17 Challenge,15,FCA Force 17 1,g17fcaft1cr
17 Challenge,11,Premier Juno,g17pvbde4ch
17 Challenge,14,RCVC 17 1,g17rchvc1so
17 Challenge,13,Tsunami C172N Caitlyn,g17tsuna10so
17 Challenge,9,WE 17 Red,g17wevbc1so
17 Challenge,17,EASTSIDE 17u Bri,g17eside1cr
17 Challenge,18,NGV 17 Select Bogdan,g17ngvjr1so
17 Challenge,20,BVA 17 Deconda,g17bvavb1fl
17 Challenge,19,CALI 17 Blue,g17cacli2ge
17 Challenge,24,Clarksville VBC 17 Smack,g17cvctn1so
17 Challenge,23,LAKE NONA 17 LUIS,g17spart1fl
17 Challenge,22,PEPVB 17 Purple,g17pepvb1so
17 Challenge,21,Synergy 17 Vibranium,g17synrg6ke
17 Challenge,26,Beach South 17 Red,g17bchst2cr
17 Challenge,25,TNT VB 17 Heartbreakers,g17tntvb2ke
17 Challenge,28,575 17-1 Matt Carro,g17fsfvb4so
17 Challenge,27,JCVC 17 1,g17jcvbc1so
17 Challenge,29,575 17-2 Brandon PCVC,g17fsfvb8so
17 Challenge,31,850 Elite 17 1,g17elite1gc
17 Challenge,30,Anthem United 17-Red,g17auvbc2so
17 Challenge,32,Slammers17 Cameron,g17leesl80cr
17 Challenge,33,LIVBC Girls 17 Gold,g17livbc2ge
17 Challenge,34,OC Lady Elite 16 Black,g16oclev1ge
17 Challenge,35,Advantage 17 Black,g17advtg3cr
17 Challenge,36,Tropics Girls 17s Black,g17tropi2fl
17 Challenge,38,Buffalo Stampeders 17 Armour,g17buflo1fl
17 Challenge,39,CJV 17 Select Navy,g17cjvvb4cr
17 Challenge,37,Tsunami CG171E Matt,g17tsuna6so
17 Challenge,40,Vibe 17 Jojo,g17vibev1so
17 Challenge,42,Excell 17's Paul N 2025,g17excel2pm
17 Challenge,41,TUVA G17 Select,g17trdun2cr
17 Challenge,44,Premier Juniors VBC 17 1,g17frpre1ls
17 Challenge,43,RCVA GIRLS 17 NATIONAL BLUE,g17rcvba2od
17 Challenge,46,Advantage 17 Gold,g17advtg4cr
17 Challenge,47,FMTVA 17 1,g17fmtva1ls
17 Challenge,48,P1VBC 17 1 Linnie,g17pushi1so
17 Challenge,45,Performance Volleyball 17 1,g17mance1fl
17 Challenge,50,Ace VBA 17- Alexis,g17acega1so
17 Challenge,49,Carolina CHAOS 17 Black,g17crchv2cr
17 Challenge,52,Alliance 17 Purple,g17allnc1cr
17 Challenge,51,M2VBALL 17 National 2,g17mtwov5so
17 Challenge,53,C1VB 17 Select Grvl,g17crone3pm
17 Challenge,56,Coastline 17 1,g17cstln1cr
17 Challenge,55,TopDog 17 Isa,g17tdvbc1so
17 Challenge,54,Tsunami S172N Katie,g17tsuna8so
17 Challenge,57,ENVY 17 NATIONAL,g17eyner1ne
17 Challenge,58,Tsunami C171P Jeremy,g17tsuna12so
17 Challenge,60,Dream Chasers 17 Gold,g17cathy2so
17 Challenge,59,Southern Legacy 17U,g17slegy1pm
17 Challenge,61,ECVA 17 Black,g17ecvba2cr
16 Open,1,Legacy 16-1 Adidas,g16legvc1lk
16 Open,2,Arizona Storm 16 Thunder,g16storm1az
16 Open,3,A5 16 Gabe,g16afive1so
16 Open,4,NKYVC 16 1 Tsunami,g16nkyvc1pr
16 Open,7,AZ SKY 16 GOLD,g16azsky1az
16 Open,5,OT 16 T JP,g16otbva1fl
16 Open,6,Paramount VBC 16 Nick,g16parvb1ch
16 Open,8,POWER 16 Johnson,g16power1ha
16 Open,9,Academy 16 Diamond,g16ncvba1cr
16 Open,10,HPSTL 16 Royal,g16hpstl1gw
16 Open,11,Top Select 16 Elite,g16tsvba1fl
16 Open,12,WPVC 16 Armour Black,g16wpvcb1fl
16 Open,13,WD Nation 16 Blue,g16wdvbc1by
16 Open,14,Miami Hype 16U Prime1,g16mhype1fl
16 Open,16,CUVC 16 Open Beast,g16carun1cr
16 Open,15,Premier 16 Black G,g16premr1nt
16 Open,17,Aspire 16 Alpha,g16aspir1az
16 Open,18,GP 16 Rox,g16gpont1fl
16 Open,19,TK 16 Storm,g16tkvbc1so
16 Open,20,MiElite 16 Mizuno,g16mieva1lk
16 Open,22,Mintonette Sports m.61,g16msprt1ov
16 Open,21,TAV Houston 16-Adidas Ray,g16tavho1ls
16 Open,23,EC Power KOP 16-Empire,g16ecpwr1ke
16 Open,24,M2VBALL 16 Elite 1,g16mtwov1so
16 Open,25,Metro 16 Travel,g16metro1ch
16 Open,26,Triangle 16 Black,g16trngl1cr
16 Open,27,Flyers 16 USA-Andy,g16frfly1nt
16 Open,28,Northeast 16.1,g16nevbc1ne
16 Open,29,Alamo 16 Premier,g16alamo1ls
16 Open,30,OT 16 J John,g16otbva3fl
16 Open,31,UNION 16 Black,g16union1pr
16 Open,32,CJV 16 Mizuno,g16cjvvb1cr
16 Open,33,Jupiter Elite 16E,g16jtaav1fl
16 Open,34,Rev 16 1,g16revbc1ho
16 Open,36,AJV 16 adidas,g16ajvba1ls
16 Open,35,EliteVBTC 16 Black,g16evbtc1ov
16 Open,37,Jax Skyline 16 Royal,g16skyln1fl
16 Open,38,Apex 16 1,g16apexj1pm
16 Open,39,Carolina Rogue 16 Black,g16rogue1pm
16 Open,40,IVBA 16 Open,g16invba1de
16 Open,42,ECC 16 North National,g16eccvb1ge
16 Open,41,GSI 16 GREEN,g16globl1fl
16 Open,43,Wildfire 16N Open,g16wfire1fl
16 Open,44,IMGA Ascender Elite 16-1,g16imgvb1fl
16 Open,46,ACAD 16 Red,g16tivba1ge
16 Open,45,TUVA G16 Elite,g16trdun1cr
16 Open,48,CVC 16-Mizuno,g16covbc1de
16 Open,47,ETE 16-1,g16etekn1so
16 USA,1,A5 16 Stephen,g16afive2so
16 USA,2,OPU 16-1,g16opuvb1fl
16 USA,3,HPSTL 16 Orange,g16hpstl2gw
16 USA,4,MVSA 16 Sparks,g16mvsav1ch
16 USA,6,Arete 16 Navy Telos,g16arete1nt
16 USA,8,Cape Coast 16 Titan,g16capco1fl
16 USA,7,TAV Houston 16-Adidas Micah,g16tavho2ls
16 USA,5,VA Juniors 16 1,g16vajrs1ch
16 USA,13,AZ SKY 16 BLUE,g16azsky2az
16 USA,14,Gainesville Juniors 16 Joe,g16gjvbc1fl
16 USA,9,Mintonette Sports m.62,g16msprt2ov
16 USA,15,Mobile Storm 16 National Black,g16moscb1gc
16 USA,10,NYC Juniors 16 National,g16nycjr1ge
16 USA,11,OP2 16 1,g16op2vb1ok
16 USA,12,RVC 16 National,g16rvcjr1od
16 USA,16,WF Waves 16-Judge,g16waves1gc
16 USA,23,540 VB 16 Elite,g16540va1od
16 USA,17,850 Elite 16 1,g16elite1gc
16 USA,20,Boss CLE 16 1,g16bossc1ov
16 USA,22,CUVC 16 Premier,g16carun2cr
16 USA,21,Legacy 16-2 Adidas,g16legvc2lk
16 USA,24,Memphis Metro 16 Elite Black,g16mmjvb1de
16 USA,18,MJVA 16 1,g16mjvba1de
16 USA,19,WD Nation 16 White,g16wdvbc2by
16 USA,25,LAV 16 National Black,g16lavbc1gc
16 USA,26,Invasion VBC 16 Black,g16invas1ha
16 USA,28,MOVA UA 16 GOLD 1,g16movba1gw
16 USA,27,PSVA 16 1,g16psvba1fl
16 USA,30,NKYVC 16-2 Tide,g16nkyvc2pr
16 USA,29,OT 16 T Hazel,g16otbva4fl
16 USA,32,501 Volley 16.1,g16fmvbc1de
16 USA,31,A5 Chattanooga 16 Nancy,g16afive8so
16 USA,33,CSVC 16 Black,g16cslct1cr
16 USA,34,Stars 16 ZAmy,g16stars1pm
16 USA,36,MiElite 16 Elite,g16mieva2lk
16 USA,35,OT 16 O Semei,g16otbva2fl
16 USA,38,Synergy 16 Plutonium,g16synrg1ke
16 USA,37,Tsunami C161E Sara,g16tsuna3so
16 USA,42,575 16-1 Taylor WS,g16fsfvb1so
16 USA,45,Academy 16 Crystal,g16ncvba2cr
16 USA,41,BVA 16 Elite Chris,g16bomer1fl
16 USA,39,GP 16 Premier,g16gpont2fl
16 USA,44,LMVC 16 Elite Sue,g16lakem1pm
16 USA,40,TNT VB 16 Starstruck,g16tntvb1ke
16 USA,43,USA South 16 Premier Purple,g16usaso1fl
16 USA,49,Husky 16 National,g16hkjvb1ne
16 USA,47,PVA 16 1,g16pinva1ge
16 USA,48,TLVC 16 2,g16lakev1cr
16 USA,46,Tsunami S161E Dun,g16tsuna1so
16 USA,52,Champion 16 N Purple,g16chmpv1cr
16 USA,53,IVBA 16 REN,g16invba2de
16 USA,51,RUV 16 Red,g16ruvjr1od
16 USA,50,VA Elite 16s,g16vejvb1ch
16 USA,55,A5 16 Erika,g16afive3so
16 USA,54,Advantage 16 Teal,g16advtg1cr
16 USA,56,ARMOR 16 Delta,g16armor1pm
16 USA,57,BCS Skyline H 16 Royal,g16bcssk1ls
16 USA,58,Flyers 16 USA-Patty,g16frfly2nt
16 USA,60,JoCo 16 1,g16jocov1cr
16 USA,59,MAVBC 16 National,g16minar1gw
16 USA,64,AZ EVJ 16 Elite,g16azevj1az
16 USA,62,Piedmont VBC 16 Fly,g16piedm1cr
16 USA,63,Premier 16 Black S,g16premr2nt
16 USA,61,UNION 16 Green,g16union2pr
16 USA,66,LAV 16 National White,g16lavbc2gc
16 USA,68,PVA 16 National,g16pride1pm
16 USA,65,Triangle 16 Blue,g16trngl2cr
16 USA,67,TVA Smack 16 Jordan,g16talla1fl
16 USA,74,BLOCK 16 1,g16block1so
16 USA,73,ECJVC 16 National,g16ecjvc1cr
16 USA,69,EliteVBTC 16 Blue,g16evbtc2ov
16 USA,75,M2VBALL 16 Elite 2,g16mtwov2so
16 USA,71,MDJRS 16 Elite Black,g16mdjrs1ch
16 USA,72,RIOVC 16-1E Joe,g16riovc1so
16 USA,70,SOSVBC 16N Justin,g16sosvb1ge
16 USA,79,AJV 16 Royal,g16augjr1pm
16 USA,77,CJV 16 National Navy,g16cjvvb2cr
16 USA,76,clubSAV 16 Mizuno,g16csavh1so
16 USA,78,JJVA 16 Teal,g16jaxjr1fl
16 USA,81,ACS U16 Premier,g16acsnd1cr
16 USA,83,Columbia 16 Black,g16colum1ch
16 USA,82,Delaware United 16 Navy,g16deuvb1ch
16 USA,80,Elite National 16-1,g16evbcs1ha
16 USA,89,A5 Gwinnett 16 Arieon,g16afive11so
16 USA,85,C2 16-1 National Chentel,g16cavbc1so
16 USA,90,Peak Elite 16U,g16peake1ke
16 USA,88,PSVC 16 Valarie,g16pstri1pm
16 USA,84,Royal Legends 16 1,g16royal1ke
16 USA,86,RVC 16 RELENTLESS,g16relen1rm
16 USA,87,Tenacity 16 HP,g16tvctn1de
16 USA,94,MMVC16GOLD,g16mmvbc1ov
16 USA,91,NF PIRATES 16 Gold,g16nfpir1fl
16 USA,93,Prime X 16 1,g16prxvb1ls
16 USA,92,Tsunami N161E Dustin,g16tsuna5so
16 USA,98,540 VB 16 National,g16540va2od
16 USA,97,GCVA 161 Coast,g16gcvba1ls
16 USA,95,High Tide 16 Elite,g16htide1fl
16 USA,96,UEPA 16D,g16untou1nt
16 USA,103,Adversity G16 Black,g16adver3gl
16 USA,101,AVA 16 Coral E,g16allin2fl
16 USA,105,CHAVC 16 Black,g16chavb1cr
16 USA,102,EVA 16,g16evner1ne
16 USA,100,Ignite 16 National,g16ignit1az
16 USA,104,Vibe 16 Mackenzie,g16vibev1so
16 USA,99,Wildfire 16N Premier,g16wfire2fl
16 USA,108,CJV 16 National White,g16cjvvb3cr
16 USA,107,Clarksville VBC 16 Smack,g16cvctn1so
16 USA,106,SC Elite U16 National,g16scelt2pm
16 USA,109,WVA 16B,g16wizrd1fl
16 USA,111,AVA 16 Coral D,g16allin1fl
16 USA,112,Gainesville Juniors 16 Sydney,g16gjvbc2fl
16 USA,110,Legacy VBA 16 1,g16legva1ch
16 USA,113,TUVA G16 Select,g16trdun2cr
16 USA,120,CLVC 16-Black,g16lgacy1cr
16 USA,115,DMV Elite 16,g16dmvev1ch
16 USA,118,FCA Elevate 16u,g16fcael1fl
16 USA,117,Ignite 16 Inferno,g16ignit2az
16 USA,116,PEVC 16N Chris P,g16pevbc1gc
16 USA,119,WGVA 16 Black,g16wgvac1so
16 USA,114,WVA 16R,g16wizrd2fl
16 American,1,A5 16 Danielle,g16afive4so
16 American,2,Prolink 16 Casey,g16plavb1so
16 American,3,Stars 16 Nicholas,g16stars2pm
16 American,4,AJV 16 Helix,g16ajvba3ls
16 American,7,Downstate 16 Black,g16dstjr1ge
16 American,8,HP South 16 Premier,g16hpstl6gw
16 American,6,OT 16 O Alex,g16otbva6fl
16 American,5,Southern Storm 16 Ice,g16sttra1de
16 American,15,A5 16 Luke,g16afive5so
16 American,10,AJV 16 Navy,g16ajvba5ls
16 American,11,CTX JR 16 Mizuno,g16ctxjr1ls
16 American,9,FEVA 16 Fernando,g16flelt1fl
16 American,16,Five Star 16 Black,g165star1rm
16 American,12,Mill City 16's,g16mcjvb1ne
16 American,14,Sharks 16 Navy,g16nivbc1gc
16 American,13,Stars Columbia 16 Tiffner,g16stars7pm
16 American,21,Academy 16 Jade,g16ncvba3cr
16 American,22,CUVC 16 National Emily,g16carun3cr
16 American,18,ECVC 16 National - Wayne,g16ecvbc1gc
16 American,17,OVA 16 Blue,g16light2fl
16 American,20,SOSVBC 16N Iris,g16sosvb3ge
16 American,24,Stars 16 Santos,g16stars3pm
16 American,23,TX Legends 16 Black,g16txleg1ls
16 American,19,Xtreme Sweet 16s,g16crazy1lk
16 American,28,575 16-1 Izzy LP,g16fsfvb2so
16 American,27,EC Power BUCKS 16-Cadet,g16ecpwr8ke
16 American,25,Mintonette Sports m.63,g16msprt3ov
16 American,26,NASA 161 J,g16nasav1so
16 American,32,American 16 Red,g16amevc1ch
16 American,31,CLUB STEEL 16 NAVY,g16steel1fl
16 American,29,Rev 16 2,g16revbc2ho
16 American,30,SC Midlands 16 National R,g16scmid1pm
16 American,34,CALI 16 Black,g16cacli1ge
16 American,40,CAVC 16 Elite,g16cavcx1od
16 American,36,Flyers 16 USA-Richard,g16frfly5nt
16 American,35,HEAT 16 ELITE,g16pheat1fl
16 American,37,NC Coastal 16 Ellen,g16nccst1cr
16 American,33,Nitro 16 Blue,g16nitro1su
16 American,38,PVC-GA 16 1,g16power1so
16 American,39,Texas Tornados 16 National,g16txtor2ls
16 American,41,ECJVC 16 Premier,g16ecjvc2cr
16 American,42,MVP 16-Gold,g16mvpjc1pm
16 American,47,MVA 16 Stephania,g16miava3fl
16 American,43,Paramount VBC 16 Allorie,g16parvb2ch
16 American,45,Rockwood Thunder 16 Black,g16rwdth6gw
16 American,44,Sportime 16 Gold,g16sptmc1ge
16 American,46,TK 16 Solstice,g16tkvbc3so
16 American,48,EC Power KOP 16-Liberty,g16ecpwr2ke
16 American,49,TAV Houston 16-Molten,g16tavho3ls
16 American,51,Triangle 16 White,g16trngl3cr
16 American,50,Tsunami C161N MaTia,g16tsuna11so
16 American,52,Tsunami C162E Catrina,g16tsuna4so
16 American,57,1United 16Elite Blue,g161unvb4nt
16 American,53,501 Volley 16.2,g16fmvbc2de
16 American,56,A5 Gwinnett 16 JT,g16afive12so
16 American,59,Atlanta Extreme 16 Fest,g16atlxt1so
16 American,62,AZ EVJ 16 Select,g16azevj2az
16 American,60,Buffalo Stampeders 16 Armour,g16buflo1fl
16 American,54,CVC 16-Hburg,g16covbc2de
16 American,55,Jersey Jrs 16 1,g16njjrs1ge
16 American,58,Palm Beach Jrs 16 Elite,g16clbfy1fl
16 American,61,Tsunami CG161E John,g16tsuna7so
16 American,63,M2VBALL 16 Elite 3,g16mtwov3so
16 American,67,Flyers 16 USA-Charles,g16frfly4nt
16 American,68,NC GOLD VOLLEYBALL 16 2,g16ncgld2cr
16 American,65,TAMPA UNITED VBA 16 RED,g16unite2fl
16 American,66,Tsunami S162E Jaimee,g16tsuna2so
16 American,64,USA SOUTH 16 Mizuno,g16usaso2fl
16 American,73,EVPA 16 1 Red SRQ,g16esivb1fl
16 American,70,Flyers 16 USA-Tori,g16frfly6nt
16 American,69,M1 16 Blue,g16mlvbc1so
16 American,71,TAV Houston 16-Edge,g16tavho4ls
16 American,72,White Cross Elite 16 Asha,g16whtcr1cr
16 American,79,Advantage 16 White,g16advtg2cr
16 American,75,Carolina CHAOS 16 Royal,g16crchv1cr
16 American,77,Champion 16 N Black,g16chmpv2cr
16 American,76,CROSSCOURT 16,g16cross1ke
16 American,82,GEV 16 1,g16gaevc1so
16 American,80,Mill City 16 Royal,g16mcjvb2ne
16 American,78,NC Coastal 16 Mackenzie R,g16nccst2cr
16 American,83,RCVA GIRLS 16 NATIONAL,g16rcvba1od
16 American,74,Sandhills 16 Rob,g16sandh2cr
16 American,81,WF Waves 16-Hayley,g16waves2gc
16 American,84,Flyers 16 USA-Bucher,g16frfly7nt
16 American,87,575 16-2 Andres WS,g16fsfvb4so
16 American,89,Club Unite 16 National,g16unite1so
16 American,86,Lanier 16 National Mary Beth,g16lanvc1so
16 American,85,Metro 16 Brooks,g16metro1so
16 American,88,RockCity 16 N4,g16rockc4ov
16 American,92,863 Elite 16-1 Black,g16estva1fl
16 American,90,Aspire 16 Premier,g16aspir2az
16 American,91,Piedmont VBC 16 NIKE,g16piedm2cr
16 American,93,SOSVBC 16N Cooper,g16sosvb2ge
16 American,94,Tsunami N162E Hannah,g16tsuna6so
16 American,98,A5 Chattanooga 16 Shirah,g16afive9so
16 American,97,BVA 16 Elite Andres,g16bomer2fl
16 American,99,CTV 16 Elite,g16ctvvb1nt
16 American,101,HOV 16 Navy,g16hovjr1od
16 American,100,Jax Skyline 16 Black,g16skyln2fl
16 American,104,Legacy 16-3 Adidas,g16legvc3lk
16 American,95,RockCity 16 N5,g16rockc5ov
16 American,103,Spa City 16's,g16spavb1xl
16 American,102,SSP Storm 16 Select,g16storm1fl
16 American,96,WPVC 16 Armour Silver,g16wpvcb3fl
16 American,105,EliteVBTC 16 National,g16evbtc3ov
16 American,109,Carolina CHAOS 16 White,g16crchv2cr
16 American,110,Country Fire 16-1,g16cfire1ls
16 American,108,CUVC 16 National Dani,g16carun4cr
16 American,107,RockCity 16 N3,g16rockc3ov
16 American,106,Stars 16 Philip,g16stars4pm
16 American,114,863 Elite 16-2 Pink,g16estva2fl
16 American,113,ACS U16 Black,g16acsnd2cr
16 American,115,Carolina ICE 16 1,g16crice1pm
16 American,111,Tsunami N161N Hydeah,g16tsuna13so
16 American,112,WPVC 16 Armour White,g16wpvcb4fl
16 American,125,A5 Gwinnett 16 Gustavo,g16afive13so
16 American,120,A5 South 16-Natalie,g16afive6so
16 American,122,AJV 16 Cedar Park,g16ajvba4ls
16 American,116,CTX JR 16 Apex,g16ctxjr2ls
16 American,124,Husky 16 Northeast Red,g16hkjvb2ne
16 American,118,JJVA 16 Gold Mel,g16jaxjr3fl
16 American,119,NC Coastal 16 Piper,g16nccst3cr
16 American,117,NC Intensity 16U Kristin,g16ncint1cr
16 American,123,NKYVC 16-4 Thunder,g16nkyvc4pr
16 American,121,Southern Storm 16 Fire,g16sttra2de
16 American,126,FB Xpress 16 National,g16fbxpr1ls
16 American,128,FEVA 16 Maddie,g16flelt2fl
16 American,127,Houston Force 16 National,g16hforc2ls
16 American,130,LIVBC Girls 16 Blue,g16livbc1ge
16 American,129,NC GOLD VOLLEYBALL 16 1,g16ncgld1cr
16 American,131,UEPA 16G,g16untou2nt
16 American,134,Atlanta Extreme 16 Jayla,g16atlxt2so
16 American,136,CSVC 16 Blue,g16cslct2cr
16 American,132,DME Elite 16-2,g16fevbc2fl
16 American,135,FTLUTD 16U Fusion R,g16flutd2fl
16 American,133,PVA 16 2,g16pinva2ge
16 American,137,864 Elite 16U Michelle,g16fourc1pm
16 American,141,Academy 16 Pearl,g16ncvba4cr
16 American,140,EC Power KOP 16-Navy,g16ecpwr3ke
16 American,138,JJVA 16 Black,g16jaxjr2fl
16 American,142,JJVA 16 Gold Getty,g16jaxjr5fl
16 American,143,NRG VBC 16 National Navy,g16nrgvc4nt
16 American,145,Roughriders 16 1,g16rough1rm
16 American,144,TK 16 Thunder,g16tkvbc4so
16 American,146,Top Tier VC 16u,g16ttvc11ge
16 American,139,Tsunami S162N Kerry,g16tsuna10so
16 American,147,Prolink 16 Mary Ellen,g16plavb3so
16 American,148,EC Power CH 16 Bluecoats DE,g16ecpch1ch
16 American,151,Next Rev VB 16 Black,g16nrvjr1od
16 American,152,Prolink 16 Natty,g16plavb2so
16 American,149,RIOVC 16-2E Ella,g16riovc2so
16 American,150,TK 16 Ice,g16tkvbc2so
16 American,153,575 16-2 Cal LP,g16fsfvb5so
16 American,157,Florida's Sports Coast Elite 16 Blue,g16coast1fl
16 American,156,SRVC Waves 16,g16srvca1ch
16 American,154,TK 16 Fire,g16tkvbc5so
16 American,155,Top Caliber 16 National,g16tclbr1cr
16 American,167,AVA 16 Royal,g16allin3fl
16 American,164,CLVC 16-Red,g16lgacy2cr
16 American,160,ECVA 16 Teal,g16ecvba1cr
16 American,161,JJVA 16 Gold Katie,g16jaxjr4fl
16 American,162,NRG VBC 16 National White,g16nrgvc5nt
16 American,159,Royal Legends 16 2,g16royal2ke
16 American,158,Tsunami C162N Kourtney/Tatum,g16tsuna12so
16 American,163,Tsunami N162N Jordan,g16tsuna14so
16 American,166,Tsunami S161N Noni,g16tsuna9so
16 American,165,WPVC 16 Armour Pink,g16wpvcb5fl
16 American,168,AJV 16 Silver,g16augjr2pm
16 Challenge,1,BRAVO 16 Black,g16bravo1pr
16 Challenge,2,United 16U National,g16unitd1so
16 Challenge,3,CJV 16 Select White,g16cjvvb5cr
16 Challenge,4,NGV 16 Select Sav,g16ngvjr1so
16 Challenge,5,Anthem United 16-Navy,g16auvbc1so
16 Challenge,7,Coastline 16 1,g16cstln1cr
16 Challenge,6,LAKE NONA 16 WILLIE,g16spart1fl
16 Challenge,8,Putnam VBC Inferno 16A,g16putvc1ov
16 Challenge,16,575 16-1 Tina PCVC,g16fsfvb3so
16 Challenge,14,APEX VBTC 16 1,g16apxtc1ov
16 Challenge,15,AppVC 16 Elite,g16appvb1cr
16 Challenge,11,C2 16-2 National Caleb,g16cavbc2so
16 Challenge,10,GSI 16 TEAL,g16globl2fl
16 Challenge,12,IVBA Soar 16 REN Blue,g16ivbas1de
16 Challenge,9,Rising Tide Sandstormers,g16rtide1pm
16 Challenge,13,Sharks 16 Silver,g16nivbc2gc
16 Challenge,19,575 16-2 Alaina PCVC,g16fsfvb6so
16 Challenge,22,CJV 16 Select Navy,g16cjvvb4cr
16 Challenge,24,CPVC 16 Black,g16prfrm1cr
16 Challenge,21,CSF 16 Legacy,g16cspkf1cr
16 Challenge,20,Memphis Metro 16 E Red,g16mmjvb2de
16 Challenge,17,MVA 16 N,g16mvavc1ch
16 Challenge,18,Tempo 16 Black,g16tspvb1pm
16 Challenge,23,Upstate VC 16 Hope,g16upsvc1pm
16 Challenge,25,A5 Chattanooga 16-Morgan,g16afive10so
16 Challenge,26,CALI 16 Blue,g16cacli2ge
16 Challenge,27,C1VB 16 Elite Grvl,g16crone2pm
16 Challenge,28,GCVC 16 2,g16gcinc2ov
16 Challenge,31,850 Elite 16 2,g16elite2gc
16 Challenge,29,C2 16-3 Regional Blue Kailee,g16cavbc3so
16 Challenge,30,Excell 16's Navy 2025,g16excel1pm
16 Challenge,34,APEX VBTC 16 2,g16apxtc2ov
16 Challenge,32,Raleigh Royal M,g16ralvb1cr
16 Challenge,33,Southern Legacy 16U,g16slegy1pm
16 Challenge,40,AVA 16-1s Si,g16avavb1so
16 Challenge,36,CHAMP 16 1,g16champ1so
16 Challenge,38,HPRIME16Gold,g16houpa1ls
16 Challenge,35,M2VBALL 16 National 1,g16mtwov4so
16 Challenge,37,Stars 16 Kaili,g16stars5pm
16 Challenge,39,Venetian Bay 16 - Dave,g16vbayv1fl
16 Challenge,41,CSRA Heat 16 Gold,g16csrah2pm
16 Challenge,42,LAKE NONA 16 LUIS,g16spart2fl
16 Challenge,44,BVA 16 1,g16biltm1cr
16 Challenge,45,IVBA Square 16 REN,g16ivbsq1de
16 Challenge,43,Synergy 16 Lithium,g16synrg2ke
16 Challenge,46,Beach South 16 Black,g16bchst1cr
16 Challenge,48,Beach South 16 Red,g16bchst2cr
16 Challenge,47,WE 16 Red,g16wevbc1so
16 Challenge,54,FMTVA 16 1,g16fmtva1ls
16 Challenge,51,HRVC 16 national green,g16hrock1cr
16 Challenge,53,Premier Juniors VBC 16 1,g16frpre1ls
16 Challenge,50,PVC-GA 16 2,g16power2so
16 Challenge,49,Raleigh Royal W,g16ralvb2cr
16 Challenge,52,Xtreme 16 USA National,g16xtrem1ge
16 Challenge,55,Advantage 16 Black,g16advtg3cr
16 Challenge,56,BVA 16s,g16wwvbc1nt
16 Challenge,59,BoCo VAC 16 1,g16bocov1rm
16 Challenge,58,MJVA 16 2,g16mjvba2de
16 Challenge,57,NGV 16 Select Kate,g16ngvjr2so
16 Challenge,62,Advantage 16 Gold,g16advtg4cr
16 Challenge,60,Adversity G16 White,g16adver4gl
16 Challenge,61,NGV 16 Select Kylee,g16ngvjr3so
16 Challenge,64,1915 Excel 16 BLACK,g16excel1fl
16 Challenge,66,Dream Chasers 16 Purple,g16cathy1so
16 Challenge,67,IVBA Soar 16 REN Black,g16ivbas2de
16 Challenge,68,M2VBALL 16 National 2,g16mtwov5so
16 Challenge,65,Metro 16 Andrew,g16metro2so
16 Challenge,63,Raleigh Silver M,g16ralvb3cr
16 Challenge,70,EVA 16 Dynasty,g16emvbc1ch
16 Challenge,69,Vibe 16 Kaia,g16vibev2so
16 Challenge,73,575 16-1 Mark Carr,g16fsfvb7so
16 Challenge,71,Club Unite 16 Knox Blue,g16unite3so
16 Challenge,72,FCA Force 16 1,g16fcaft1cr
16 Challenge,75,NC GOLD VOLLEYBALL 16 3,g16ncgld3cr
16 Challenge,76,SC Midlands 16 National B,g16scmid2pm
16 Challenge,74,Triad Elite 16 National,g16trdel1cr
16 Challenge,77,A5 Gwinnett 16 Anna,g16afive14so
16 Challenge,80,Alliance 16 Purple,g16allnc1cr
16 Challenge,82,C1VB 16 Select Ariel,g16crone4pm
16 Challenge,81,NC Elite 16 Black,g16neltb1cr
16 Challenge,78,Revolution 16 Saraya,g16fuqrv1cr
16 Challenge,79,TXTFV 161 TopGun,g16txtfv1ls
16 Challenge,83,Anthem United 16-Red,g16auvbc2so
16 Challenge,84,ENVY 16 NATIONAL RIPTIDE,g16eyner1ne
16 Challenge,85,CSRA Heat 16 National,g16csrah1pm
16 Challenge,86,NGACE 16 Select,g16ngace1so
16 Challenge,87,RipsVC 16 1,g16ripsv1so
16 Challenge,89,Empower 16 Red,g16epvbc1so
16 Challenge,90,FMTVA 16 2,g16fmtva2ls
16 Challenge,88,LIVBC Girls 16 Gold,g16livbc2ge
16 Challenge,92,Advantage 16 Silver,g16advtg5cr
16 Challenge,96,Carolina CHAOS 16 Black,g16crchv3cr
16 Challenge,93,CJHEAT 16 National,g16jheat1ge
16 Challenge,94,Raleigh Silver P,g16ralvb4cr
16 Challenge,95,RVC 16 GRIND,g16relen2rm
16 Challenge,91,Tsunami C161P Lisa,g16tsuna16so
16 Challenge,97,ECVA 16 Black,g16ecvba2cr
16 Challenge,98,Tsunami CG162E Taylor,g16tsuna8so
16 Challenge,100,C1VB 16 Select Renee,g16crone3pm
16 Challenge,99,Memphis Metro 16 E White,g16mmjvb3de
16 Challenge,101,Tsunami C162P Ami,g16tsuna17so
16 Challenge,104,ECJVC 16 Select,g16ecjvc3cr
16 Challenge,102,Tsunami N161P Kibwe,g16tsuna18so
16 Challenge,103,Vibranium VBC 16 1,g16vivbc1so
16 Challenge,109,575 16-1 Hannah PS,g16fsfvb8so
16 Challenge,108,Atlanta Extreme 16 TB,g16atlxt3so
16 Challenge,106,Believe VBC 16-1 Shine,g16belie1rm
16 Challenge,105,PSVA Houston 16 1,g16psvah1so
16 Challenge,110,Tsunami S162P Trina,g16tsuna21so
16 Challenge,107,Vibe 16 Christina,g16vibev3so
16 Challenge,112,Dream Chasers 16 Gold,g16cathy2so
16 Challenge,111,Tsunami S161P Desiree,g16tsuna15so
15 Open,1,HPSTL 15 Royal,g15hpstl1gw
15 Open,2,WAVE 15 Brennan,g15wvevb1sc
15 Open,4,A5 15 Kelly,g15afive1so
15 Open,4,COAST 15-Rodrigo,g15coast1sc
15 Open,5,Arizona Storm 15 Thunder,g15storm1az
15 Open,7,Legacy 15-1 Adidas,g15legvc1lk
15 Open,6,Mintonette Sports m.51,g15msprt1ov
15 Open,8,OT 15 T Randy,g15otbva1fl
15 Open,11,Alamo 15 Premier,g15alamo1ls
15 Open,9,NKYVC 15 1 Tsunami,g15nkyvc1pr
15 Open,12,TAV Houston 15-Adidas,g15tavho1ls
15 Open,10,UNION 15 Black,g15union1pr
15 Open,13,Academy 15 Diamond,g15ncvba1cr
15 Open,14,Boss CLE 15 1,g15bossc1ov
15 Open,16,Aspire 15 Alpha,g15aspir1az
15 Open,15,CJV 15 Mizuno,g15cjvvb1cr
15 Open,18,OT 15 O Christian,g15otbva2fl
15 Open,17,Paramount VBC 15 Maureen,g15parvb1ch
15 Open,19,POWER 15 Mize,g15power1ha
15 Open,20,Stars 15 Bing,g15stars1pm
15 Open,21,AZ SKY 15 GOLD,g15azsky1az
15 Open,22,Wildfire 15N Open,g15wfire1fl
15 Open,23,EliteVBTC 15 Black,g15evbtc1ov
15 Open,24,Jupiter Elite 15E,g15jtaav1fl
15 Open,25,Metro 15 Travel,g15metro1ch
15 Open,26,Triangle 15 Black,g15trngl1cr
15 Open,27,A5 15 Victor,g15afive2so
15 Open,28,MiElite 15 Mizuno,g15mieva1lk
15 Open,29,Synergy 15 Titanium,g15synrg1ke
15 Open,30,USA South 15 Premier Purple,g15usaso1fl
15 Open,31,Apex VBC 15 1,g15apxvb1ha
15 Open,32,OT 15 J Stephen,g15otbva3fl
15 Open,33,ACAD 15 Red,g15tivba1ge
15 Open,34,Top Select 15 Elite,g15tsvba1fl
15 Open,35,Alliance 15 REN,g15allvb1so
15 Open,36,EC Power KOP 15-True,g15ecpwr1ke
15 Open,37,C2 15-1 National Deja,g15cavbc1so
15 Open,38,Apex 15 1,g15apexj1pm
15 Open,39,BVA 15 Elite Alyssa,g15bomer1fl
15 Open,40,Elevation 15 Peak,g15elevb1rm
15 Open,42,ARMOR 15 Lima,g15armor1pm
15 Open,41,CVH SELECT - PR 15 1,g15cvhpr1pu
15 Open,43,Carolina Rogue 15 Black,g15rogue1pm
15 Open,44,IVBA 15 Open,g15invba1de
15 Open,45,CUVC 15 Open,g15carun1cr
15 Open,46,Royal Legends 15 1,g15royal1ke
15 Open,47,PEVC 15N Ryan,g15pevbc1gc
15 Open,48,SC Elite U15 Elite,g15scelt1pm
15 USA,1,MVA 15 1,g15mvbac1de
15 USA,2,Tsunami NF151E Casey,g15tsuna7so
15 USA,3,OK Charge 15 UA,g15charg1ok
15 USA,4,NRG VBC 15 AMPD Navy,g15nrgvc1nt
15 USA,6,HPSTL 15 Orange,g15hpstl2gw
15 USA,8,Jax Skyline 15 Royal,g15skyln1fl
15 USA,5,Mintonette Sports m.52,g15msprt2ov
15 USA,7,UEPA 15D,g15untou1nt
15 USA,15,501 Volley 15.1,g15fmvbc1de
15 USA,16,AZ SKY 15 BLUE,g15azsky2az
15 USA,13,Cape Coast 15 Saturn,g15capco1fl
15 USA,9,CSVC 15 Black,g15cslct1cr
15 USA,12,NKYVC 15 2 Tide,g15nkyvc2pr
15 USA,11,Rhythm 15 1,g15rhvbc1so
15 USA,14,Tsunami S151E Trina,g15tsuna1so
15 USA,10,WF Waves 15-Demps,g15waves1gc
15 USA,21,AZ EVJ 15 Elite,g15azevj1az
15 USA,19,City 15 Gold,g15cityv1sc
15 USA,22,Delaware United 15 Navy,g15deuvb1ch
15 USA,18,GP 15 Rox,g15gpont1fl
15 USA,23,HOU STELLAR 15 ELITE,g15hsvba1ls
15 USA,17,Mizuno Northern Lights 15 2,g15nlite2no
15 USA,24,MoCo MAVS 15 Red,g15mocoj4ls
15 USA,20,Tampa North U15 Black,g15tnvbc1fl
15 USA,25,A5 15 Brett,g15afive3so
15 USA,26,MVSA 15 Charge,g15mvsav1ch
15 USA,27,Rising Tide 15s Breakers,g15rtide1pm
15 USA,30,Gainesville Juniors 15 Andre,g15gjvbc1fl
15 USA,29,NOVA Juniors 15s Navy,g15novaj1ov
15 USA,28,Piedmont VBC 15 GATA,g15piedm1cr
15 USA,31,Headlines VBC 15 1,g15hedln1ov
15 USA,34,NOLA Lauren/Caroline 15,g15nolav1by
15 USA,32,Stars 15 Jacob,g15stars3pm
15 USA,33,Texas Tornados 15 Adidas,g15txtor1ls
15 USA,35,Triangle 15 Blue,g15trngl2cr
15 USA,36,WGVA 15 Black,g15wgvac1so
15 USA,37,575 15-1 Matt PCVC,g15fsfvb1so
15 USA,38,OK Charge 15 UA Tulsa,g15charg4ok
15 USA,39,GP 15 Premier,g15gpont2fl
15 USA,41,M2VBALL 15 Elite 1,g15mtwov1so
15 USA,42,Northeast 15.1,g15nevbc1ne
15 USA,40,OT 15 T Jenn,g15otbva4fl
15 USA,44,TK 15 Storm,g15tkvbc1so
15 USA,45,A5 15 Jennie,g15afive4so
15 USA,48,CMASS EDGE 15 Black,g15cmjvb1ne
15 USA,43,MOVA UA 15 GOLD 1,g15movba1gw
15 USA,46,Team Momentum 15 Navy,g15tmmom1gw
15 USA,47,Tsunami C151E Spider,g15tsuna3so
15 USA,54,CJV 15 National Navy,g15cjvvb2cr
15 USA,56,clubSAV 15 Mizuno,g15csavh1so
15 USA,55,Columbia 15 Red,g15colum1ch
15 USA,53,JET 15 Evers,g15jetvb1su
15 USA,52,MDJRS 15 Elite Black,g15mdjrs1ch
15 USA,57,RockCity 15 N1,g15rockc1ov
15 USA,51,SMASH 15s,g15sjjvb1ne
15 USA,49,Stars 15 Tinsley,g15stars2pm
15 USA,50,USA South 15 Mizuno,g15usaso2fl
15 USA,60,Academy 15 Crystal,g15ncvba2cr
15 USA,58,Alliance 15 Molten,g15allvb2so
15 USA,59,FORZA1 15 ONE,g15forza1sc
15 USA,63,HOV 15 National,g15hovjr1od
15 USA,61,Legacy 15-2 Adidas,g15legvc2lk
15 USA,62,C2 15-2 National Jess,g15cavbc2so
15 USA,64,EliteVBTC 15 Blue,g15evbtc2ov
15 USA,65,Memphis Metro 15 Elite Black,g15mmjvb1de
15 USA,66,UPONTOP 15s Elite,g15uotvb2fl
15 USA,67,Wildfire 15N Premier,g15wfire2fl
15 USA,71,021 Rio VB 15 1,g15riovb1fl
15 USA,74,BVC 15 National Lance,g15bvcal1so
15 USA,68,CCJRS 15 National,g15ccjrs1so
15 USA,73,ECJVC 15 National,g15ecjvc1cr
15 USA,76,Flyers 15 USA-Christy,g15frfly2nt
15 USA,72,MiElite 15 Elite,g15mieva2lk
15 USA,69,PVA 15 1,g15pinva1ge
15 USA,70,RUV 15 Red,g15ruvjr1od
15 USA,75,UNION 15 Green,g15union2pr
15 USA,80,A5 Gwinnett 15-April,g15afive13so
15 USA,78,AppVC 15 Elite,g15appvb1cr
15 USA,81,Elevation 15 Timberline,g15elevb2rm
15 USA,79,LIBERO 15 HUSKIES,g15liber1ch
15 USA,77,WAVE 15 Dave,g15wvevb2sc
15 USA,84,High Tide 15 Elite,g15htide1fl
15 USA,82,LAV 15 National Black,g15lavbc1gc
15 USA,86,LIV 15's Royal Slunks,g15livvc1sc
15 USA,85,MCV 15U Kennell,g15lavbc1cr
15 USA,83,PSVC 15 Sabina,g15pstri1pm
15 USA,91,Boss CLE 15 2,g15bossc2ov
15 USA,95,CLVC 15-Black,g15lgacy1cr
15 USA,87,CUVC 15 Premier,g15carun2cr
15 USA,88,Ignite 15 National,g15ignit1az
15 USA,94,MJVA 15 1,g15mjvba1de
15 USA,92,NYC Juniors 15 National,g15nycjr1ge
15 USA,89,QCA Royals 15 National,g15queen1de
15 USA,93,RVC 15 National,g15rvcjr1od
15 USA,90,Stars 15 Natalie,g15stars4pm
15 USA,96,575 15-1 Kortney WS,g15fsfvb2so
15 USA,100,CALI 15 Black,g15cacli1ge
15 USA,98,CHAVC 15 Black,g15chavb1cr
15 USA,97,Clarksville VBC 15 Smack,g15cvctn1so
15 USA,99,Tsunami N151E Kealy,g15tsuna5so
15 USA,105,501 Volley 15.2,g15fmvbc2de
15 USA,101,GVC 15-1,g15grvbc1ne
15 USA,104,JJVA 15 Teal,g15jaxjr1fl
15 USA,103,SRS 15 Blue,g15srsvc1pm
15 USA,102,Tsunami C152E Shota,g15tsuna4so
15 USA,107,540 VB 15 Elite,g15540va1od
15 USA,113,Adversity G15 Purple,g15adver2gl
15 USA,111,BLOCK 15 1,g15block1so
15 USA,110,Gainesville Juniors 15 Kayla,g15gjvbc2fl
15 USA,108,PVA 15 National,g15pride1pm
15 USA,109,Red Storm 15 National,g15storm1by
15 USA,106,Tsunami S152E Malae,g15tsuna2so
15 USA,114,TX Legends 15 Black,g15txleg1ls
15 USA,112,United 15U National,g15unitd1so
15 USA,118,ARMOR 15 Tango,g15armor2pm
15 USA,119,HOU STELLAR 15 PREMIER,g15hsvba2ls
15 USA,115,SOSVBC 15N Carly,g15sosvb1ge
15 USA,117,Top Caliber 15 REN,g15tclbr1cr
15 USA,116,WE 15 Red,g15wevbc1so
15 USA,122,BVA 15 Elite Katie,g15bomer2fl
15 USA,124,CJHEAT 15 National,g15jheat1ge
15 USA,123,HC Strike 15 Mamba,g15hcstr1ls
15 USA,121,Jax Skyline 15 Black,g15skyln2fl
15 USA,120,TX Legends 15 Blue,g15txleg2ls
15 USA,127,A5 Chattanooga 15-Mary,g15afive8so
15 USA,131,Advantage 15 Teal,g15advtg1cr
15 USA,126,Apex 15 2,g15apexj2pm
15 USA,132,BVC 15 National Chris,g15bvcal2so
15 USA,134,NC GOLD VOLLEYBALL 15 1,g15ncgld1cr
15 USA,130,PVC-GA 15 1,g15power1so
15 USA,128,RVC 15 RELENTLESS,g15relen1rm
15 USA,125,TFSC 15 Phoenix,g15topfl1pm
15 USA,129,Tsunami C151N Stephanie,g15tsuna12so
15 USA,133,Champion 15 N Purple,g15chmpv1cr
15 USA,135,CJV 15 National White,g15cjvvb3cr
15 USA,137,HRVC 15 national green,g15hrock1cr
15 USA,136,Tsunami N152E Eric,g15tsuna6so
15 USA,138,IVBA 15 REN,g15invba2de
15 USA,141,Prime X 15 1,g15prxvb1ls
15 USA,139,SC Elite U15 National,g15scelt2pm
15 USA,140,Woodlands United 15 Adidas,g15katuv8ls
15 USA,148,BBVA 15U National,g15block1fl
15 USA,150,DMV Elite 15,g15dmvev1ch
15 USA,144,ENVY 15 NATIONAL,g15eyner1ne
15 USA,145,Flyers 15 USA-Jose,g15frfly3nt
15 USA,143,Legacy VBA 15 1,g15legva1ch
15 USA,142,Royal Legends 15 2,g15royal2ke
15 USA,146,Stars Columbia 15 Angie,g15stars8pm
15 USA,147,TUVA G15 Elite,g15trdun1cr
15 USA,149,Premier 15 White,g15premr5nt
15 USA,151,TFSC 15 Eagle,g15topfl2pm
15 American,1,ASHOK 15 1,g15ashok1so
15 American,2,864 Elite 15U Ken,g15fourc1pm
15 American,3,Miami Hype 15U Prime,g15mhype1fl
15 American,4,Triangle 15 White,g15trngl3cr
15 American,5,A5 15 Myca,g15afive5so
15 American,7,Academy 15 Jade,g15ncvba3cr
15 American,6,FTLUTD 15U Fusion C,g15flutd1fl
15 American,8,TOV 15 Royal,g15txone1ls
15 American,14,863 Elite 15-1 Black,g15estva1fl
15 American,16,ARVC 15U Orange,g15albmr1cr
15 American,12,EVPA 15 Red Frank,g15esivb1fl
15 American,9,EVPA 15 Red Nancy,g15esivb2fl
15 American,15,Mintonette Sports m.53,g15msprt3ov
15 American,11,Paramount VBC 15 Cruz,g15parvb2ch
15 American,10,Rockwood Thunder 15 White,g15rwdth3gw
15 American,13,TAV Houston 15-Molten,g15tavho2ls
15 American,21,AJV 15 Cedar Park,g15ajvba4ls
15 American,24,CHAVC 15 Purple,g15chavb2cr
15 American,23,ECVC 15 National - Kelly,g15ecvbc1gc
15 American,19,HP South 15 Premier,g15hpstl3gw
15 American,17,OT 15 O Emily,g15otbva5fl
15 American,20,Prolink 15 Cassie,g15plavb1so
15 American,18,RockCity 15 N2,g15rockc2ov
15 American,22,Sandhills 15 Amber,g15sandh1cr
15 American,27,575 15.1 Russell LP,g15fsfvb3so
15 American,26,CTX JR 15 Mizuno,g15ctxjr1ls
15 American,28,Lockdown VBC 15 Cardinals,g15ldner1ne
15 American,25,VA Juniors 15 1,g15vajrs1ch
15 American,30,CUVC 15 National Josef,g15carun3cr
15 American,32,M2VBALL 15 Elite 3,g15mtwov3so
15 American,31,NKYVC 15-4 Thunder,g15nkyvc4pr
15 American,29,OPU 15-1,g15opuvb1fl
15 American,40,ACS U15 Elite,g15acsnd1cr
15 American,34,AJV 15 Helix,g15ajvba3ls
15 American,36,EliteVBTC 15 National,g15evbtc3ov
15 American,38,Legacy 15-3 Adidas,g15legvc3lk
15 American,35,M2VBALL 15 Elite 2,g15mtwov2so
15 American,33,NKYVC 15-3 Typhoon,g15nkyvc3pr
15 American,37,PSVA 15 1,g15psvba1fl
15 American,39,Spa City 15's,g15spavb1xl
15 American,41,C1VB 15 ONE,g15crone1pm
15 American,42,Husky 15 National,g15hkjvb1ne
15 American,45,1United 15N Black,g151unvb3nt
15 American,46,Academy 15 Pearl,g15ncvba4cr
15 American,43,MIDTN Black 15 1,g15midtn1so
15 American,47,OT 15 T Choo,g15otbva6fl
15 American,44,PVC 15 1,g15power1fl
15 American,51,Buckeye 15 Red National,g15bkeye1ov
15 American,52,Country Fire 15-1,g15cfire1ls
15 American,48,Metro 15 Azlynn,g15metro1so
15 American,50,OVA 15 Blue,g15light2fl
15 American,49,WPVC 15 Armour Silver,g15wpvcb3fl
15 American,54,Arete 15 Steel Ethos,g15arete4nt
15 American,61,ECVA 15 Teal,g15ecvba1cr
15 American,53,JoCo 15 1,g15jocov1cr
15 American,57,M2VBALL 15 National 1,g15mtwov4so
15 American,60,MVP 15-Gold,g15mvpjc1pm
15 American,62,Next Rev VB 15 Black,g15nrvjr1od
15 American,59,SMASH 15s Power,g15sjjvb2ne
15 American,55,SOSVBC 15N Michelle,g15sosvb2ge
15 American,56,TK 15 Ice,g15tkvbc2so
15 American,58,Tsunami CG151E Cade,g15tsuna8so
15 American,63,Tsunami S151N Azya,g15tsuna10so
15 American,64,575 15-2 Nia WS,g15fsfvb4so
15 American,68,A5 Gwinnett 15- Macey,g15afive14so
15 American,65,EXCEL 15N Gold,g15excel4nt
15 American,67,Nitro 15 White,g15nitro2su
15 American,66,RIOVC 15-1E Ella,g15riovc1so
15 American,69,CSVC 15 Blue,g15cslct2cr
15 American,71,Flyers 15 NAT-Rich,g15frfly7nt
15 American,70,NC Coastal 15 Steve,g15nccst1cr
15 American,72,Southern Storm 15 Ice,g15sttra1de
15 American,73,Tsunami N151N Erin,g15tsuna14so
15 American,77,CALI 15 Blue,g15cacli2ge
15 American,74,EC Power CH 15 Marvel DE,g15ecpch1ch
15 American,81,FEVA 15 Brittany,g15flelt2fl
15 American,80,Low Country 15 National,g15lowco1pm
15 American,78,MiElite 15 National,g15mieva3lk
15 American,75,Piedmont VBC 15 NIKE,g15piedm2cr
15 American,82,Sharks 15 Navy,g15nivbc1gc
15 American,83,Triangle 15 Silver,g15trngl4cr
15 American,76,TVA Smack 15 Paige,g15talla1fl
15 American,79,UEPA 15G,g15untou2nt
15 American,84,LMVC 15 Elite Shawn,g15lakem1pm
15 American,86,AZ EVJ 15 Select,g15azevj2az
15 American,87,Buffalo Stampeders 15 Armour,g15buflo1fl
15 American,89,Jersey Jrs 15 1,g15njjrs1ge
15 American,88,Lanier 15 National Alex,g15lanvc1so
15 American,85,TAMPA UNITED VBA 15 RED,g15unite2fl
15 American,94,CAVC 15 Elite,g15cavcx1od
15 American,93,ECJVC 15 Premier,g15ecjvc2cr
15 American,92,NRG VBC 15 AMPD Bryan,g15nrgvc3nt
15 American,90,TOV 15 Navy,g15txone2ls
15 American,91,WF Waves 15-Cody,g15waves2gc
15 American,104,AJV 15 Navy,g15ajvba5ls
15 American,97,American 15 Red,g15amevc1ch
15 American,98,Barracuda 15 Sean,g15bcuda1cr
15 American,101,BVA 15 Elite Mitchel,g15bomer3fl
15 American,102,CUVC 15 National Kat,g15carun4cr
15 American,96,Downstate 15 Black,g15dstjr1ge
15 American,95,M1 15 Blue,g15mlvbc1so
15 American,103,Mill City 15's,g15mcjvb1ne
15 American,99,Palm Beach Jrs 15 Elite,g15clbfy1fl
15 American,100,Prolink 15 Taylor,g15plavb2so
15 American,105,Florida's Sports Coast Elite15 Blue,g15coast1fl
15 American,109,A5 Chattanooga 15-Aubrey,g15afive9so
15 American,107,Atlanta Extreme 15 Raymond,g15atlxt1so
15 American,106,IMGA Ascender Elite 15-1,g15imgvb1fl
15 American,108,JJVA 15 Black,g15jaxjr2fl
15 American,110,NRG VBC 15 AMPD Blue,g15nrgvc4nt
15 American,115,Advantage 15 White,g15advtg2cr
15 American,113,CHAVC 15 Gold,g15chavb3cr
15 American,114,Five Star 15 Silver,g155star2rm
15 American,112,LIVBC Girls 15 Blue,g15livbc1ge
15 American,111,RockCity 15 N3,g15rockc3ov
15 American,123,863 Elite 15-2 Pink,g15estva2fl
15 American,124,A5 South 15-Ayla,g15afive6so
15 American,117,Arete 15 Steel,g15arete5nt
15 American,121,Carolina ICE 15 2,g15crice2pm
15 American,125,CTX JR 15 Apex,g15ctxjr2ls
15 American,116,Five Star 15 Black,g155star1rm
15 American,122,HEAT 15 ELITE,g15pheat1fl
15 American,120,Piedmont VBC 15 Swoosh,g15piedm3cr
15 American,118,TAV Houston 15-Edge,g15tavho3ls
15 American,119,WPVC 15 Armour Pink,g15wpvcb5fl
15 American,126,Headlines VBC 15 2,g15hedln2ov
15 American,128,Aspire 15 Premier,g15aspir2az
15 American,131,Carolina ICE 15 1,g15crice1pm
15 American,129,CLVC 15-Red,g15lgacy2cr
15 American,130,PAVC - NC 15 Onyx,g15prcsn1cr
15 American,127,USA South 15 Premier Black,g15usaso3fl
15 American,135,CTV 15 Elite,g15ctvvb1nt
15 American,136,OT 15 O Angela,g15otbva7fl
15 American,134,Prolink 15 Armando,g15plavb3so
15 American,133,SSP Storm 15 Select,g15storm1fl
15 American,132,Tsunami S152N Bri,g15tsuna11so
15 American,139,Atlanta Extreme 15 Jack,g15atlxt2so
15 American,142,CLUB STEEL 15 NAVY,g15steel1fl
15 American,146,Delaware United 15 Cobalt,g15deuvb2ch
15 American,137,JJVA 15 Gold,g15jaxjr3fl
15 American,138,JoCo 15 2,g15jocov2cr
15 American,144,M2VBALL 15 National 2,g15mtwov5so
15 American,141,PSVC 15 Jeremy,g15pstri2pm
15 American,145,PVA 15 2,g15pinva2ge
15 American,140,Tsunami C152N Leann,g15tsuna13so
15 American,143,USA SOUTH 15 Premier White,g15usaso4fl
15 American,147,SMASH 15s Lava,g15sjjvb3ne
15 American,149,GEV 15 1,g15gaevc1so
15 American,150,NC Coastal 15 Jacob,g15nccst2cr
15 American,148,Roughriders 15 1,g15rough1rm
15 American,151,Southern Storm 15 Fire,g15sttra2de
15 American,152,WPVC 15 Armour White,g15wpvcb4fl
15 American,154,AVA 15 Royal,g15allin1fl
15 American,157,Dream Chasers 15 Purple,g15cathy1so
15 American,155,Flyers 15 USA-AlanA,g15frfly5nt
15 American,153,LVT Select 15,g15lgacy1fl
15 American,156,RIOVC 15 1National,g15riovc2so
15 American,162,Champion 15 N Black,g15chmpv2cr
15 American,165,Florida's Sports Coast Elite 15 White,g15coast2fl
15 American,158,Flyers 15 USA-JohnH,g15frfly6nt
15 American,160,NC Coastal 15 Macie,g15nccst3cr
15 American,167,TK 15 Fire,g15tkvbc4so
15 American,164,TK 15 Spark,g15tkvbc5so
15 American,166,TK 15 Thunder,g15tkvbc3so
15 American,161,Top Caliber 15 National,g15tclbr2cr
15 American,163,Tsunami N152N Allison,g15tsuna15so
15 American,159,Wildfire 15N American,g15wfire3fl
15 American,168,Prolink 15 Malone,g15plavb4so
15 Challenge,1,GG 15 1,g15galxy1cr
15 Challenge,2,NOLA Taryn/Richie 15,g15nolav2by
15 Challenge,3,Coast United 15,g15grand1pm
15 Challenge,4,EASTSIDE 15u Steven,g15eside1cr
15 Challenge,5,HPRIME15Gold,g15houpa1ls
15 Challenge,7,LAKE NONA 15 RICARDO,g15spart1fl
15 Challenge,8,SC Midlands 15 National R,g15scmid1pm
15 Challenge,6,Xtreme 15 USA National,g15xtrem1ge
15 Challenge,14,BRAVO 15 Black,g15bravo1pr
15 Challenge,10,Chaos 15U Jamie,g15clvch1cr
15 Challenge,9,CJV 15 Select Navy,g15cjvvb4cr
15 Challenge,11,ECVC 15 National - Madysen,g15ecvbc2gc
15 Challenge,15,Fission 15 NAT 1,g15fison1so
15 Challenge,16,Memphis Metro 15 E White,g15mmjvb3de
15 Challenge,13,MJVA 15 2,g15mjvba2de
15 Challenge,12,Sportime 15 Gold,g15sptmc1ge
15 Challenge,22,BoCo VAC 15 1,g15bocov1rm
15 Challenge,18,C1VB 15 Elite Grvl,g15crone2pm
15 Challenge,17,CHAMP 15 1,g15champ1so
15 Challenge,21,GSI 15 GREEN,g15globl1fl
15 Challenge,24,Memphis Metro 15 E Red,g15mmjvb2de
15 Challenge,20,NGV 15 Select Stan,g15ngvjr1so
15 Challenge,23,SKEVA 15 Blue,g15skeva1pr
15 Challenge,19,Synergy 15 Flare,g15synrg7ke
15 Challenge,25,CJV 15 Select White,g15cjvvb5cr
15 Challenge,26,Synergy 15 Potassium,g15synrg2ke
15 Challenge,28,575 15-2 Dariah PCVC,g15fsfvb5so
15 Challenge,27,TNT VB 15 Mambas,g15tntvb1ke
15 Challenge,29,Club Unite 15 National,g15unite1so
15 Challenge,30,Excell 15's Navy 2025,g15excel1pm
15 Challenge,31,RENEG 15 1,g15reneg1ls
15 Challenge,34,540 VB 15 National,g15540va2od
15 Challenge,32,NOLA Kelsey/T'ea 15,g15nolav3by
15 Challenge,33,SRS 15 Red,g15srsvc2pm
15 Challenge,38,BVA 15 1,g15biltm1cr
15 Challenge,35,Club Unite 15 Knox Blue,g15unite3so
15 Challenge,37,Elevate Volleyball 15,g15lvate1fl
15 Challenge,39,FCA THUNDER,g15fcacs1cr
15 Challenge,36,HRVC 15 national black,g15hrock2cr
15 Challenge,40,SLAM 15N,g15ttvbc1ne
15 Challenge,41,Elevate 15 Silver,g15cottn2nt
15 Challenge,42,Metro 15 Calina,g15metro2so
15 Challenge,44,clubSAV 15 National,g15csavh2so
15 Challenge,45,MVA 15 N,g15mvavc1ch
15 Challenge,43,Rhythm 152,g15rhvbc2so
15 Challenge,46,Advantage 15 Black,g15advtg3cr
15 Challenge,48,JCVC 15 1,g15jcvbc1so
15 Challenge,47,LAKE NONA 15 GIO,g15spart2fl
15 Challenge,50,Empowher 15 Elite,g15empow1fl
15 Challenge,54,NC GOLD VOLLEYBALL 15 3,g15ncgld3cr
15 Challenge,53,Premier Juniors VBC 15 1,g15frpre1ls
15 Challenge,49,Synergy 15 Rush,g15synrg8ke
15 Challenge,51,Tropics Girls 15s Elite,g15tropi1fl
15 Challenge,52,Tsunami C151P Rob,g15tsuna19so
15 Challenge,55,Alliance 15 Premier,g15allvb3so
15 Challenge,56,APEX VBTC 15 1,g15apxtc1ov
15 Challenge,57,A5 Gwinnett 15-Kristen,g15afive15so
15 Challenge,58,CSF 15 Legacy,g15cspkf1cr
15 Challenge,59,HOV 15 Navy,g15hovjr2od
15 Challenge,62,Advantage 15 Gold,g15advtg4cr
15 Challenge,61,Loudoun Elite 15 Quintin,g15louel1ch
15 Challenge,60,NGV 15 Select Kylee,g15ngvjr2so
15 Challenge,67,ATLHEAT 15 1,g15aheat1so
15 Challenge,68,CCJRS 15 Regional,g15ccjrs2so
15 Challenge,66,Club Unite 15 LW National,g15unite2so
15 Challenge,65,FMTVA 15 1,g15fmtva1ls
15 Challenge,64,HEVC 15 1,g15hrndo1fl
15 Challenge,63,Tsunami N151P Jayla,g15tsuna22so
15 Challenge,69,Vision 15 EXV White,g15vivbc3nt
15 Challenge,70,WVA 15,g15wizrd1fl
15 Challenge,73,575 15-2 Abbey LP,g15fsfvb6so
15 Challenge,72,Alliance 15 Purple,g15allnc1cr
15 Challenge,71,BWVC 15 Mizuno Elite,g15bwvbc1fl
15 Challenge,75,Arsenal 15 Blue,g15davbc2nt
15 Challenge,76,EASTSIDE 15u Caleb,g15eside2cr
15 Challenge,74,LIVBC Girls 15 Gold,g15livbc2ge
15 Challenge,80,CCVV 15 FUCHSIA,g15ccvvb1fl
15 Challenge,79,ECVA 15 Black,g15ecvba2cr
15 Challenge,77,ECVA 15 White,g15ecvba3cr
15 Challenge,81,HOU PVA 15 1,g15hprep1ls
15 Challenge,78,Raleigh 15 Silver D,g15ralvb1cr
15 Challenge,82,Tsunami C152P Kendra,g15tsuna20so
15 Challenge,84,Memphis Metro 15 E Gold,g15mmjvb4de
15 Challenge,83,RVC 15 GRIND,g15relen2rm
15 Challenge,86,Advantage 15 Silver,g15advtg5cr
15 Challenge,87,C1VB 15 Select Greenville,g15crone3pm
15 Challenge,85,TopDog 15 Kami,g15tdvbc1so
15 Challenge,88,Club Unite 15 Knox Yellow,g15unite4so
15 Challenge,90,Excel VC 15 BLACK,g15excel1fl
15 Challenge,89,RENEG 15 2,g15reneg2ls
15 Challenge,92,Beach South 15 Red,g15bchst1cr
15 Challenge,95,Club Unite 15 LW Blue,g15unite5so
15 Challenge,93,CSRA Heat 15 Gold,g15csrah1pm
15 Challenge,94,JCVC 15 2,g15jcvbc2so
15 Challenge,96,Tsunami CG152E Seena,g15tsuna9so
15 Challenge,91,TXTFV 151 TopGun,g15txtfv1ls
15 Challenge,97,Sharks 15 Silver,g15nivbc2gc
15 Challenge,99,Tsunami S151P Amber,g15tsuna18so
15 Challenge,101,Ace VBA 15- Ambria,g15acega1so
15 Challenge,98,Believe VBC 15-1 Hope,g15belie1rm
15 Challenge,100,Tsunami N152P Alexa,g15tsuna23so
15 Challenge,104,BftSel 15 1,g15beasl1pm
15 Challenge,103,Tsunami C153P Avery,g15tsuna21so
15 Challenge,102,Vibe 15 Samantha,g15vibev1so
15 Challenge,108,Atlanta Extreme 15 Daniela,g15atlxt3so
15 Challenge,109,Atlanta Extreme 15 Luke,g15atlxt4so
15 Challenge,105,EVA 15 Regency,g15emvbc1ch
15 Challenge,110,FMTVA 15 2,g15fmtva2ls
15 Challenge,107,NC Elite 15 Black,g15neltb1cr
15 Challenge,106,Raleigh 15 Silver C,g15ralvb2cr
15 Challenge,111,Ace VBA 15- Deve,g15acega2so
14 Open,1,Legacy 14-1 Adidas,g14legvc1lk
14 Open,2,A5 14 Helen,g14afive1so
14 Open,3,OT 14 T Jody,g14otbva1fl
14 Open,4,Arizona Storm 14 Thunder,g14storm1az
14 Open,7,GP 14 Rox,g14gpont1fl
14 Open,10,AVC CLE 14 Red,g14acavc1ov
14 Open,9,COAST 14-Said,g14coast1sc
14 Open,11,Mizuno Northern Lights 14 1,g14nlite1no
14 Open,12,Top Select 14 Elite,g14tsvba1fl
14 Open,5,Dynasty 14 Black,g14tmdyn1ha
14 Open,6,Rockwood Thunder 14 Elite,g14rwdth1gw
14 Open,8,Triangle 14 Black,g14trngl1cr
14 Open,13,NKYVC 14-1 Tsunami,g14nkyvc1pr
14 Open,14,Academy 14 Diamond,g14ncvba1cr
14 Open,16,HPSTL 14 Royal,g14hpstl1gw
14 Open,15,MDJRS 14 Elite Black,g14mdjrs1ch
14 Open,18,Metro 14 Travel,g14metro1ch
14 Open,17,WAVE 14 Thiago,g14wvevb1sc
14 Open,19,FORZA1 14 ONE,g14forza1sc
14 Open,20,Stars 14 Sean,g14stars1pm
14 Open,21,CJV 14 Mizuno,g14cjvvb1cr
14 Open,22,HOU STELLAR 14 ELITE,g14hsvba1ls
14 Open,23,Mintonette Sports m.41,g14msprt1ov
14 Open,24,Paramount VBC 14 Cozad,g14parvb1ch
14 Open,25,AZ SKY 14 GOLD,g14azsky1az
14 Open,26,TAV Houston 14-Adidas,g14tavho1ls
14 Open,27,Sunshine 14 Westside,g14sunsh1sc
14 Open,28,UNION 14 Black,g14union1pr
14 Open,30,Capitanas 14,g14captn1pu
14 Open,29,EliteVBTC 14 Black,g14evbtc1ov
14 Open,31,Alliance 14 REN,g14allvb1so
14 Open,32,Elevation 14 Peak,g14elevb1rm
14 Open,33,Alamo 14 Premier,g14alamo1ls
14 Open,34,MVA 14 Freideman,g14miava1fl
14 Open,35,SC Elite U14 Elite Shayne,g14scelt1pm
14 Open,36,USJVA 14 National Red,g14usjva1gc
14 Open,37,Boss CLE 14 1,g14bossc1ov
14 Open,38,CUVC 14 Open,g14carun1cr
14 Open,39,NOLA Dana/Chris 14,g14nolav1by
14 Open,40,Wildfire 14N Open,g14wfire1fl
14 Open,41,Adversity G14 Adidas,g14adver1gl
14 Open,42,MiElite 14 Mizuno,g14mieva1lk
14 Open,43,AVA 14-PLATINUM,g14avcvb1ke
14 Open,44,OT 14 J John,g14otbva4fl
14 Open,46,ACAD 14 Red,g14tivba1ge
14 Open,45,TUVA G14 Elite,g14trdun1cr
14 USA,1,HP South 14 Premier,g14hpstl2gw
14 USA,2,Gainesville Juniors 14 Nicole,g14gjvbc1fl
14 USA,3,JJVA 14 Teal,g14jaxjr1fl
14 USA,4,RIOVC 14-1E Rafa,g14riovc1so
14 USA,6,A5 14 Earl,g14afive2so
14 USA,8,MOVA UA 14 GOLD 1,g14movba1gw
14 USA,7,OPU 14-1,g14opuvb1fl
14 USA,5,PSVC 14 Christi,g14pstri1pm
14 USA,12,501 Volley 14.1,g14fmvbc1de
14 USA,11,BRAVO 14 Black,g14bravo1pr
14 USA,16,FEVA 14 Katia,g14flelt1fl
14 USA,15,Florida's Sports Coast Elite 14 Blue,g14coast1fl
14 USA,14,FVA 14 1,g14fness1gw
14 USA,13,MVA 14 1,g14mvbac1de
14 USA,9,OT 14 T Alex,g14otbva3fl
14 USA,10,Rockwood Thunder 14 Navy,g14rwdth2gw
14 USA,22,Aspire 14 Alpha,g14aspir1az
14 USA,24,AVC CLE 14 White,g14acavc2ov
14 USA,20,HPSTL 14 Orange,g14hpstl4gw
14 USA,23,Legacy 14-2 Adidas,g14legvc2lk
14 USA,19,Mintonette Sports m.42,g14msprt2ov
14 USA,18,Rhythm14 1,g14rhvbc1so
14 USA,21,SMASH 14s,g14sjjvb1ne
14 USA,17,SOSVBC 14N Jeff,g14sosvb1ge
14 USA,26,Jax Skyline 14 Royal,g14skyln1fl
14 USA,25,MVSA 14 Force,g14mvsav1ch
14 USA,27,OK Charge 14 UA,g14charg1ok
14 USA,29,Arizona Storm 14 Lightning,g14storm2az
14 USA,28,MiElite 14 Elite,g14mieva2lk
14 USA,30,Red Storm 14 National,g14storm1by
14 USA,33,Headlines VBC 14 1,g14hedln1ov
14 USA,36,M2VBALL 14 Elite 1,g14mtwov1so
14 USA,34,Memphis Metro 14 Elite Black,g14mmjvb1de
14 USA,35,UEPA 14D,g14untou1nt
14 USA,32,UNION 14 Green,g14union2pr
14 USA,31,WAVE 14 Nancy,g14wvevb2sc
14 USA,39,LAV 14 National Black,g14lavbc1gc
14 USA,38,MJVA 14 1,g14mjvba1de
14 USA,37,Synergy 14 Hurricane,g14synrg1ke
14 USA,41,Academy 14 Crystal,g14ncvba2cr
14 USA,40,ECJVC 14 National,g14ecjvc1cr
14 USA,42,LVT Select 14,g14lgacy1fl
14 USA,48,CJV 14 National Navy,g14cjvvb2cr
14 USA,44,Flyers 14 USA-Brian,g14frfly1nt
14 USA,45,Gainesville Juniors 14 Ruben,g14gjvbc2fl
14 USA,46,Northeast 14.1,g14nevbc1ne
14 USA,47,PEVC 14N Chris,g14pevbc1gc
14 USA,43,Triangle 14 Blue,g14trngl2cr
14 USA,50,A5 14 Kip,g14afive3so
14 USA,49,AZ EVJ 14 Elite,g14azevj1az
14 USA,51,USA South 14 Premier Purple,g14usaso1fl
14 USA,52,APV 14 Red,g14atomv1fl
14 USA,53,Cincy Classics 14 Red,g14ccvbc1ov
14 USA,54,Delaware United 14 Navy,g14deuvb1ch
14 USA,55,BVA 14 Elite Brooke,g14bomer1fl
14 USA,56,CCJRS 14 National,g14ccjrs1so
14 USA,58,clubSAV 14 Mizuno,g14csavh1so
14 USA,59,CSVC 14 Blue,g14cslct1cr
14 USA,60,SC Elite U14 Elite Shelly,g14scelt2pm
14 USA,57,WF Waves 14-Cody,g14waves1gc
14 USA,61,AJV 14 Molten,g14ajvba2ls
14 USA,63,DSVC 14 NATIONAL,g14dsvbc1gc
14 USA,62,EliteVBTC 14 Blue,g14evbtc2ov
14 USA,64,AZ SKY 14 BLUE,g14azsky2az
14 USA,66,CHAVC 14 Black,g14chavb1cr
14 USA,65,Sharks 14 Navy,g14nivbc1gc
14 USA,67,Alliance 14 Molten,g14allvb2so
14 USA,68,CJV 14 National White,g14cjvvb3cr
14 USA,70,MVA 14 Andres,g14miava2fl
14 USA,71,PSVA 14 1,g14psvba1fl
14 USA,72,RUV 14 Red,g14ruvjr1od
14 USA,69,Tsunami C141E Cody/ Amanda H,g14tsuna3so
14 USA,74,AJV 14 Royal,g14augjr1pm
14 USA,73,EC Power KOP 14-Ocean,g14ecpwr1ke
14 USA,75,NKYVC 14-2 Tide,g14nkyvc2pr
14 USA,76,LIBERO 14 HUSKIES,g14liber1ch
14 USA,77,TFVBC 14 1,g14tfvbc1so
14 USA,78,WGVA 14 Black,g14wgvac1so
14 USA,82,Club Unite 14 Knox Silver,g14unite1so
14 USA,80,Fission 14 NAT 1,g14fison1so
14 USA,84,High Tide 14 Elite,g14htide1fl
14 USA,79,Legacy VBA 14 1,g14legva1ch
14 USA,83,RVC 14 National,g14rvcjr1od
14 USA,81,TFSC 14 Phoenix,g14topfl1pm
14 USA,85,CTV 14 Elite,g14ctvvb1nt
14 USA,87,CUVC 14 Premier,g14carun2cr
14 USA,86,Zoo City VBC Red Wolves,g14zoovb1cr
14 USA,88,BVC 14 National Angie,g14bvcal2so
14 USA,90,CMASS EDGE 14 Black,g14cmjvb1ne
14 USA,89,MIDTN Black 14 1,g14midtn1so
14 USA,94,Apex 14 1,g14apexj1pm
14 USA,92,Columbia 14 Black,g14colum1ch
14 USA,95,EVA 14,g14evner1ne
14 USA,91,LEGACY 14 ELITE DANELLI,g14pines1fl
14 USA,93,RVC 14 RELENTLESS,g14relen1rm
14 USA,96,TUVA G14 Select,g14trdun2cr
14 Challenge,1,SKEVA 14 Blue,g14skeva1pr
14 Challenge,2,Coastline 14 1,g14cstln1cr
14 Challenge,3,NOLA Rani/Kai 14,g14nolav2by
14 Challenge,4,ECVA 14 Teal,g14ecvba1cr
14 Challenge,8,Coast United 14,g14grand1pm
14 Challenge,7,Excell 14's Navy 2025,g14excel1pm
14 Challenge,5,SRS 14 Blue,g14srsvc1pm
14 Challenge,6,Stars Columbia 14 Tyler,g14stars8pm
14 Challenge,12,Advantage 14 White,g14advtg2cr
14 Challenge,10,Carolina ICE 14 1,g14crice1pm
14 Challenge,11,CSF 14 Legacy,g14cspkf1cr
14 Challenge,9,Ichiban 14 1 Dife,g14onevb1so
14 Challenge,13,Advantage 14 Teal,g14advtg1cr
14 Challenge,14,Memphis Metro 14 E Gold,g14mmjvb4de
14 Challenge,16,Ace VBA 14- Raymee,g14acega1so
14 Challenge,15,SC Midlands 14 National B,g14scmid2pm
14 Challenge,17,CJV 14 Select Navy,g14cjvvb4cr
14 Challenge,18,OTH 14U,g14othvb1fl
14 Challenge,19,Xtreme Bratz,g14crazy1lk
14 Challenge,20,C1VB 14 Select Greenville,g14crone3pm
14 Challenge,21,BoCo VAC 14 1,g14bocov1rm
14 Challenge,22,CSRA Heat 14 Gold,g14csrah2pm
14 Challenge,24,CHAVC 14 Purple,g14chavb2cr
14 Challenge,23,NGV 14 Select Bogdan,g14ngvjr1so
14 Challenge,25,M1 14 Silver,g14mlvbc2so
14 Challenge,26,CUVC 14 SN Jessica,g14carun4cr
14 Challenge,27,C1VB 14 Elite Easley,g14crone2pm
14 Challenge,28,Carolina ICE 13 1,g13crice1pm
14 Challenge,29,CJV 14 Select White,g14cjvvb5cr
14 Challenge,30,NC Elite 14 Black,g14neltb1cr
14 Challenge,31,Metro 14 Caroline,g14metro2so
14 Challenge,32,Raleigh 14 Silver,g14ralvb1cr
14 Challenge,34,HOU PVA 14 1,g14hprep1ls
14 Challenge,33,NASA 142 Fox,g14nasav4so
14 Challenge,36,NC GOLD VOLLEYBALL 14 2,g14ncgld2cr
14 Challenge,35,WF Waves 14-Kenzie,g14waves3gc
14 Challenge,37,M2VBALL 14 National 3,g14mtwov5so
14 Challenge,38,NC GOLD VOLLEYBALL14-1,g14ncgld1cr
14 Challenge,40,CUVC 14 SN Kristen,g14carun5cr
14 Challenge,39,RVC 14 GRIND,g14relen2rm
14 Challenge,42,Ace VBA 14- Lisa,g14acega2so
14 Challenge,41,ECVA 14 Black,g14ecvba2cr
14 Challenge,43,Sharks 14 Silver,g14nivbc2gc
14 Challenge,44,Metro 14 Taylor,g14metro3so
14 Challenge,46,TK 14 Thunder,g14tkvbc3so
14 Challenge,45,Vibe 14 Ashton,g14vibev2so
14 Challenge,47,FCA HURRICANES,g14fcacs1cr
14 Challenge,48,Texas Hitters 14 National Gold,g14hitvb1nt
13 Open,1,A5 13 Karen,g13afive1so
13 Open,2,Tribe 13 Elite Cardinal,g13tribe1fl
13 Open,3,Legacy 13-1 Adidas,g13legvc1lk
13 Open,4,AZ SKY 13 GOLD,g13azsky1az
13 Open,5,Alamo 13 Premier,g13alamo1ls
13 Open,6,EXCEL 13N Red,g13excel1nt
13 Open,7,HPSTL 13 Royal,g13hpstl1gw
13 Open,8,NOLA Jessica/Gavin 13,g13nolav1by
13 Open,9,EliteVBTC 13 Black,g13evbtc1ov
13 Open,11,OT 13 T Tabitha,g13otbva1fl
13 Open,12,Mintonette Sports m.31,g13msprt1ov
13 Open,10,NKYVC 13-1 Tsunami,g13nkyvc1pr
13 Open,13,Metro 13 Travel,g13metro1ch
13 Open,14,Flyers 13 USA-JohnM,g13frfly1nt
13 Open,16,Academy 13 Diamond,g13ncvba1cr
13 Open,15,GP 13 Rox,g13gpont1fl
13 Open,17,MiElite 13 Mizuno,g13mieva1lk
13 Open,18,Triangle 13 Black,g13trngl1cr
13 Open,19,MVA 13 Pedro,g13miava1fl
13 Open,20,CUVC 13 Open,g13carun1cr
13 Open,21,SMASH 13s,g13sjjvb1ne
13 Open,23,Wildfire 13N Open,g13wfire1fl
13 Open,22,CJV 13 Mizuno,g13cjvvb1cr
13 Open,24,OT 13 J Kristen,g13otbva4fl
13 USA,1,POWER 13 Dorsey,g13power1ha
13 USA,2,A5 13 Betty,g13afive2so
13 USA,3,864 Elite 13U George,g13fourc1pm
13 USA,4,TX STORM 13 SMACK,g13txsva1su
13 USA,8,HPSTL 13 Orange,g13hpstl2gw
13 USA,6,NKYVC 13-2 Tide,g13nkyvc2pr
13 USA,7,OPU 13-1,g13opuvb1fl
13 USA,5,UNION 13 Black,g13union1pr
13 USA,12,A5 13 Kacey,g13afive3so
13 USA,9,AZ EVJ 13 Elite,g13azevj1az
13 USA,15,BVC 13 National Haven,g13bvcal1so
13 USA,14,Delaware United 13 Navy,g13deuvb1ch
13 USA,13,GP 13 Premier,g13gpont2fl
13 USA,10,Legacy 13-2 Adidas,g13legvc2lk
13 USA,11,SOSVBC 13N Rob,g13sosvb1ge
13 USA,16,TAV Houston 13-Adidas,g13tavho1ls
13 USA,18,Arete 13 Navy Telos,g13arete1nt
13 USA,17,Rockwood Thunder 13 Elite,g13rwdth1gw
13 USA,19,USA South 13 Mizuno,g13usaso2fl
13 USA,20,USA South 13 Premier Purple,g13usaso1fl
13 USA,24,EXCEL 13N White,g13excel2nt
13 USA,23,M2VBALL 13 Elite 1,g13mtwov1so
13 USA,22,RIOVC 13-1E Joe,g13riovc1so
13 USA,21,Top Caliber 13 REN,g13tclbr1cr
13 USA,26,Jax Skyline 13 Royal,g13skyln1fl
13 USA,25,OK Charge 13 UA,g13charg1ok
13 USA,28,Flyers 13 USA-Kevin,g13frfly3nt
13 USA,27,NGV 13 Select Sav,g13ngvjr1so
13 USA,31,CSVC 13 Blue,g13cslct1cr
13 USA,32,MiElite 13 Elite,g13mieva2lk
13 USA,30,ONE VBC 13 1,g13vbone1so
13 USA,29,WF Waves 13-Danielle,g13waves1gc
13 USA,33,Alliance 13 REN,g13allvb1so
13 USA,34,MOVA UA 13 GOLD 1,g13movba1gw
13 USA,36,BCS Skyline H 13 Royal,g13bcssk1ls
13 USA,35,Mintonette Sports m.32,g13msprt2ov
13 USA,39,ACTVB 13 1,g13actvb1od
13 USA,37,CHAVC 13 Black,g13chavb1cr
13 USA,38,IVBA 13 REN,g13invba1de
13 USA,40,Triangle 13 Blue,g13trngl2cr
13 USA,41,Memphis Metro 13 Elite Black,g13mmjvb1de
13 USA,42,PSVC 13 Jamaica,g13pstri1pm
13 USA,44,MIDTN Black 13 1,g13midtn1so
13 USA,43,Rockwood Thunder 13 Navy,g13rwdth2gw
13 USA,48,Aspire 13 Alpha,g13aspir1az
13 USA,45,Boss CLE 13 1,g13bossc1ov
13 USA,47,CJV 13 National Navy,g13cjvvb2cr
13 USA,46,Nitro 13 Blue,g13nitro1su
13 USA,50,EliteVBTC 13 Blue,g13evbtc2ov
13 USA,49,Flyers 13 USA-Greta,g13frfly2nt
13 USA,52,850 Elite 13 1,g13elite1gc
13 USA,51,Sharks 13 Navy,g13nivbc1gc
13 USA,54,Academy 13 Crystal,g13ncvba2cr
13 USA,56,AZ SKY 13 BLUE,g13azsky2az
13 USA,55,Headlines VBC 13 1,g13hedln1ov
13 USA,53,PEVC 13N Abbey,g13pevbc1gc
13 USA,58,GVC 13-1,g13grvbc1ne
13 USA,57,MVP 13-Gold,g13mvpjc1pm
13 USA,59,CJV 13 National White,g13cjvvb3cr
13 USA,60,QCA Royals 13 National,g13queen1de
13 USA,63,Apex 13 1,g13apexj1pm
13 USA,62,Carolina Rogue 13 Black,g13rogue1pm
13 USA,64,CSRA Heat 13 National,g13csrah1pm
13 USA,61,CUVC 13 Premier,g13carun2cr
12 National,1,A5 12 LA,g12afive1so
12 National,2,Legacy 12-1 Adidas,g12legvc1lk
12 National,3,HPSTL 12 Royal,g12hpstl1gw
12 National,4,Wildfire 12N Open,g12wfire1fl
12 National,6,AZ SKY 12 GOLD,g12azsky1az
12 National,5,OT 12 T Kesha,g12otbva1fl
12 National,7,Apex 12 1,g12apexj1pm
12 National,8,Mintonette Sports m.21,g12msprt1ov
12 National,9,NKYVC 12-1 Tsunami,g12nkyvc1pr
12 National,10,Boss CLE 12 1,g12bossc1ov
12 National,11,OVA 12 Black,g12light1fl
12 National,12,CJV 12 Mizuno,g12cjvvb1cr
12 USA,1,Gainesville Juniors 12 Stephanie,g12gjvbc1fl
12 USA,2,GP 12 Rox,g12gpont1fl
12 USA,3,TAV Houston 12-Adidas,g12tavho1ls
12 USA,4,A5 12 Erin,g12afive2so
12 USA,5,Academy 12 Diamond,g12ncvba1cr
12 USA,6,MVA 12 1,g12mvbac1de
12 USA,7,Top Select 12 Elite,g12tsvba1fl
12 USA,8,LEGACY 12 ELITE GABY,g12pines1fl
12 USA,11,Alliance 12 REN,g12allvb1so
12 USA,9,High Tide 12 Elite,g12htide1fl
12 USA,10,Rockwood Thunder 12 Elite,g12rwdth1gw
12 USA,12,WF Waves 12-King,g12waves1gc
12 USA,13,Tsunami S121E Jeff,g12tsuna1so
12 USA,14,NKYVC 12-2 Tide,g12nkyvc2pr
12 USA,16,Elevate 12 Blue,g12cottn1nt
12 USA,15,Triangle 12 Black,g12trngl1cr
12 USA,17,MAVA Adidas 12-Select,g12mavas1pr
12 USA,18,Tsunami C121E Kim,g12tsuna3so
12 USA,19,GSI 12 GREEN,g12globl1fl
12 USA,20,Headlines VBC 12 1,g12hedln1ov
12 USA,23,Carolina Rogue 12 Black,g12rogue1pm
12 USA,21,USA South 12 Premier Purple,g12usaso1fl
12 USA,24,Apex 12 2,g12apexj2pm
12 USA,22,CUVC 12 Open,g12carun1cr
11 National,1,HPSTL 11 Royal,g11hpstl1gw
11 National,2,A5 11 Lori,g11afive1so
11 National,3,1United 11N Blue,g111unvb1nt
11 National,4,CCVV 11 FUCHSIA,g11ccvvb1fl
11 National,7,A5 11 Ada,g11afive2so
11 National,8,AVA 11 Royal,g11allin1fl
11 National,5,GP 11 Rox,g11gpont1fl
11 National,6,Jax Skyline 11 Royal,g11skyln1fl
11 National,10,NOLA Kate/Eva 11,g11nolav1by
11 National,9,Stars 11 Amanda,g11stars1pm
11 National,11,MVA 11 1,g11mvbac1de
11 National,12,TX STORM 11 SMACK,g11txsva1su
11 National,14,A5 10 Aneska,g10afive1so
11 National,13,A5 11 Eric,g11afive3so
11 National,15,AVC 11 1,g11nltvb1so
11 National,16,Tsunami C111E Jazz/Michaela,g11tsuna1so
11 National,17,CUVC 11 Wolves,g11carun1cr
11 National,19,M2VBALL 11 National 1,g11mtwov1so
11 National,18,NGV 11 Jeff,g11ngvjr1so
